study_hours,attendance,previous_marks,assignment_score,internal_marks,sleep_hours,internet_usage,result
7,76,88,71,95,4,3,1
9,73,70,44,47,7,7,0
3,100,75,34,72,4,4,1
6,75,62,57,97,6,4,1
10,89,98,94,47,6,5,1
1,99,59,65,67,8,7,1
1,84,32,54,62,5,7,0
6,57,38,54,97,6,7,0
4,83,78,63,50,5,6,1
1,95,42,97,74,5,5,1
9,73,43,46,55,5,7,0
3,82,61,37,46,9,1,0
9,76,47,59,42,7,6,0
4,96,95,63,38,4,2,1
5,71,91,91,44,6,7,1
6,85,34,84,90,6,3,1
5,87,30,88,51,8,6,0
7,64,50,31,36,4,3,0
10,81,99,67,40,6,2,1
7,97,75,31,58,4,7,0
7,97,42,71,57,6,5,0
9,53,94,98,34,6,7,0
3,55,89,40,53,7,7,0
1,75,35,72,89,8,7,1
2,63,70,79,85,4,3,0
2,78,34,66,39,6,2,0
3,67,58,99,38,6,3,0
3,75,51,39,30,4,6,0
2,93,92,52,42,5,6,1
10,94,51,86,96,4,3,1
2,84,76,40,74,6,4,1
2,98,76,73,78,5,5,1
10,61,50,51,53,5,3,0
7,86,56,87,32,4,5,0
5,61,37,53,100,9,6,0
1,74,82,88,38,7,2,1
9,51,38,55,92,6,3,0
1,84,41,62,66,4,6,0
1,52,96,65,83,7,3,0
8,88,52,38,43,7,3,0
6,88,91,39,79,5,1,1
6,99,65,61,90,9,1,1
2,65,50,59,32,9,6,0
1,84,52,31,31,5,6,0
1,90,48,48,78,6,6,0
3,51,85,36,42,4,4,0
4,98,95,60,38,9,1,1
6,50,33,76,45,5,6,0
1,79,71,54,64,9,7,1
2,98,95,54,31,6,1,1
1,81,97,85,74,8,6,1
4,98,31,43,92,7,5,0
10,76,70,31,60,6,7,0
1,92,54,45,52,7,2,0
2,54,67,67,95,8,4,0
8,60,77,89,54,4,1,0
4,74,69,92,73,4,3,1
5,50,34,61,87,6,2,0
10,64,66,53,90,5,2,0
4,100,79,75,41,5,7,1
4,96,59,41,72,5,1,0
8,99,75,92,89,5,5,1
10,94,55,56,43,4,4,0
4,62,50,47,63,6,4,0
6,67,36,36,55,4,6,0
4,61,50,90,52,9,4,0
1,100,61,52,31,7,5,0
6,82,83,46,81,6,3,1
8,74,96,100,90,4,4,1
1,73,81,36,46,4,6,0
1,56,50,79,100,4,4,0
9,53,90,91,56,6,7,0
10,62,49,46,37,9,3,0
1,87,87,100,48,8,2,1
5,99,34,70,66,8,2,0
10,97,57,85,37,4,6,0
2,52,92,71,41,6,6,0
2,50,97,57,76,4,4,0
10,94,84,71,37,4,1,1
9,88,90,43,46,6,2,0
7,80,80,42,41,8,1,0
2,84,77,41,75,6,2,1
9,79,98,86,86,6,5,1
8,77,95,90,52,7,2,1
3,73,71,38,42,7,6,0
6,74,34,37,63,8,3,0
1,100,50,98,49,4,6,1
6,74,64,62,67,6,7,1
7,82,96,62,72,9,3,1
7,73,73,74,76,7,5,1
6,98,62,40,67,6,4,0
5,78,90,62,32,4,1,1
5,57,80,52,38,8,3,0
6,84,44,50,31,9,1,0
8,86,96,57,56,5,1,1
1,73,97,67,81,7,5,1
5,67,51,74,73,7,6,0
5,97,92,48,33,7,3,0
6,62,100,84,38,9,1,0
8,79,47,85,58,4,4,1
5,73,40,61,73,9,6,0
9,50,90,55,47,4,2,0
2,95,43,75,60,5,6,0
9,76,42,72,35,4,4,0
3,91,73,82,56,7,2,1
9,57,93,69,65,4,1,0
1,80,61,45,86,7,7,1
8,94,75,39,87,6,3,1
5,71,48,78,61,5,4,1
8,62,64,30,40,8,3,0
9,52,70,83,34,9,2,0
1,66,44,74,73,8,2,0
7,58,70,76,91,4,4,0
5,55,77,92,70,9,2,0
9,65,70,93,35,7,6,0
5,57,52,41,72,6,6,0
4,69,83,76,84,5,6,0
4,88,82,77,42,6,7,1
3,53,91,72,87,7,5,0
1,99,39,50,44,9,1,0
8,66,38,62,99,4,3,0
10,68,41,81,68,4,2,0
2,88,88,50,99,5,2,1
7,88,85,98,84,7,5,1
10,85,91,80,56,8,6,1
3,53,85,39,66,7,1,0
7,82,42,72,40,8,6,0
6,83,36,100,74,9,4,1
10,64,34,83,44,8,4,0
5,72,40,36,40,8,7,0
10,77,59,75,89,9,2,1
4,52,58,66,78,8,2,0
9,89,47,30,100,5,2,0
6,53,94,78,64,6,3,0
8,93,44,48,72,5,2,0
9,51,99,66,57,9,4,0
1,79,50,47,99,7,3,1
10,86,83,54,95,9,7,1
9,80,62,74,53,6,6,1
2,52,60,81,73,4,2,0
8,82,61,93,57,9,3,1
5,90,100,66,53,7,1,1
9,82,90,32,94,5,1,1
7,56,49,100,82,4,1,0
4,56,72,33,51,9,1,0
5,90,39,33,88,7,7,0
2,94,42,69,34,7,5,0
9,72,94,99,32,9,1,1
2,92,77,55,99,8,5,1
4,72,75,40,52,7,6,0
10,57,94,65,65,6,2,0
6,77,37,87,82,6,1,1
2,70,96,76,54,6,7,1
10,89,31,36,79,6,6,0
5,84,70,79,39,7,5,1
5,97,41,34,72,6,3,0
1,82,34,48,62,7,3,0
10,53,52,67,32,9,1,0
5,91,86,33,91,7,3,1
2,50,36,51,34,8,5,0
5,58,87,37,91,7,2,0
3,94,85,70,94,6,4,1
3,100,56,96,53,4,5,1
7,66,30,97,67,4,7,0
1,52,84,35,87,4,4,0
9,50,31,90,97,7,7,0
7,72,34,69,62,7,4,0
2,51,85,77,62,5,5,0
4,77,77,66,37,8,6,1
6,54,75,86,81,6,6,0
2,96,79,72,100,8,2,1
1,74,37,62,73,8,6,0
8,70,78,47,67,7,5,1
9,100,42,91,57,7,1,1
9,67,74,84,55,4,1,0
10,80,44,55,74,8,7,0
9,96,45,91,76,4,6,1
10,91,88,43,50,4,3,1
5,86,46,46,34,9,7,0
2,62,62,44,55,9,2,0
2,75,85,69,31,6,7,1
8,77,53,94,64,6,7,1
1,59,72,46,37,9,5,0
6,68,32,85,39,6,2,0
9,68,35,32,66,7,3,0
8,53,56,58,75,6,4,0
7,57,83,99,55,9,6,0
7,99,79,54,95,4,5,1
6,78,87,40,48,6,7,0
1,89,48,80,30,5,7,0
10,51,81,82,60,5,7,0
9,91,75,70,100,5,5,1
4,72,72,86,73,4,3,1
3,77,38,46,88,6,6,0
10,75,53,91,92,8,5,1
7,91,83,68,75,5,1,1
4,70,77,32,61,4,2,0
1,99,68,47,72,5,1,1
4,92,78,66,38,4,4,1
10,95,98,52,59,6,5,1
8,65,47,34,72,5,4,0
1,55,98,100,55,7,5,0
2,85,73,62,48,9,6,1
2,79,39,66,89,6,4,1
10,57,72,66,87,9,4,0
7,61,52,34,97,4,1,0
9,59,44,65,67,4,5,0
2,64,32,51,43,4,3,0
5,93,41,94,99,7,2,1
5,72,60,91,57,7,3,1
7,72,82,79,95,8,1,1
6,56,84,98,50,8,2,0
9,92,66,47,90,7,2,1
1,92,43,66,44,7,7,0
5,80,77,49,94,6,5,1
5,86,81,94,85,9,7,1
2,98,85,43,31,5,6,0
10,72,98,57,31,7,6,1
10,57,67,39,61,5,3,0
2,69,62,34,58,7,2,0
2,66,52,34,48,8,2,0
4,58,36,37,40,9,1,0
2,72,65,99,33,6,5,1
6,95,84,53,74,8,5,1
9,77,75,42,87,4,1,1
5,69,84,68,91,5,7,0
10,66,70,54,62,4,5,0
2,94,57,86,74,9,4,1
5,59,100,60,98,6,2,0
8,88,46,77,44,4,2,0
7,70,56,36,41,7,7,0
8,90,38,54,48,6,4,0
8,95,67,73,96,4,7,1
6,82,53,88,84,5,6,1
3,59,43,94,71,4,7,0
6,93,51,50,46,5,2,0
7,87,30,53,98,5,3,1
4,73,54,39,67,7,1,0
6,80,96,99,76,4,6,1
4,92,88,34,95,5,6,1
5,51,80,59,69,9,6,0
1,83,40,33,86,4,1,0
8,96,78,44,49,4,2,0
4,80,78,37,57,5,6,0
9,85,32,73,41,7,1,0
6,81,70,77,36,7,5,1
4,87,72,61,92,9,5,1
2,76,97,80,86,5,2,1
7,90,50,89,96,7,7,1
3,53,63,61,31,7,3,0
8,79,32,81,36,8,4,0
10,68,63,87,50,7,1,0
10,74,51,93,56,9,5,1
4,99,85,52,78,8,4,1
10,51,52,74,93,6,4,0
8,76,70,37,42,8,3,0
5,82,84,38,51,5,7,0
9,72,52,75,94,8,4,1
7,79,67,84,69,4,7,1
1,80,34,84,97,4,4,1
10,99,73,31,84,7,4,1
9,89,97,82,73,8,6,1
5,72,79,34,86,9,6,1
8,54,93,81,68,6,4,0
1,89,75,36,78,6,2,1
10,92,49,36,50,9,1,0
5,65,78,85,51,8,4,0
8,76,82,93,91,4,7,1
10,91,91,68,89,4,1,1
2,99,74,96,59,4,2,1
5,89,56,96,56,7,7,1
7,69,35,44,32,5,5,0
10,78,78,96,77,7,2,1
4,64,47,63,41,5,7,0
3,89,50,35,89,8,2,0
6,73,37,92,47,7,5,0
9,74,38,72,100,5,3,1
2,63,78,79,44,9,7,0
10,96,36,77,61,6,3,0
5,68,72,90,55,9,4,0
5,96,58,59,50,5,7,0
4,73,32,67,82,7,5,1
7,61,96,89,62,6,2,0
7,66,76,57,35,9,1,0
2,74,87,39,78,8,1,1
3,77,98,59,48,6,7,1
5,78,77,67,65,7,2,1
4,60,53,39,93,4,2,0
7,56,96,85,57,8,5,0
7,50,94,71,93,8,4,0
7,57,76,96,42,8,1,0
1,98,50,43,95,8,6,1
1,96,92,78,98,5,5,1
2,54,92,47,55,4,4,0
7,78,98,96,34,7,4,1
9,94,93,38,48,9,1,0
9,66,67,41,61,8,7,0
9,93,90,53,86,5,2,1
4,91,92,31,71,4,6,1
1,68,65,84,67,8,1,0
2,74,55,55,58,6,5,0
4,83,82,78,65,5,6,1
3,61,79,39,64,4,1,0
1,71,32,51,90,5,6,0
4,58,42,92,75,9,2,0
1,51,39,94,60,6,7,0
7,88,48,69,56,4,3,0
8,94,76,40,89,9,3,1
6,51,85,38,47,6,2,0
4,97,78,47,91,6,4,1
1,96,81,56,97,6,5,1
10,69,80,79,66,7,6,0
10,73,91,91,42,6,2,1
1,92,70,51,87,4,5,1
8,70,47,74,38,7,4,0
2,70,32,100,37,5,6,0
6,50,51,76,63,7,1,0
5,55,81,31,96,5,2,0
4,60,65,52,62,6,1,0
3,57,58,41,94,7,2,0
3,60,72,66,41,8,7,0
5,71,55,77,90,9,2,1
9,83,53,54,49,4,4,0
3,68,100,78,71,7,1,0
1,78,93,66,33,7,3,1
9,57,60,75,92,6,5,0
7,61,44,45,37,5,7,0
1,67,76,67,74,8,7,0
1,59,60,75,56,8,1,0
1,86,46,87,72,5,3,1
8,94,58,36,38,8,2,0
10,66,93,74,94,7,7,0
7,77,53,79,42,7,6,0
9,65,75,69,81,7,3,0
3,55,58,57,46,8,4,0
2,83,44,61,42,5,3,0
1,95,93,82,87,4,1,1
7,79,61,98,69,5,4,1
6,83,36,70,48,5,3,0
10,70,47,91,76,8,3,1
9,58,78,57,60,5,1,0
4,69,58,55,39,6,2,0
7,81,93,64,32,8,5,1
4,97,67,100,50,6,1,1
8,81,65,90,77,4,6,1
3,70,65,86,35,7,4,1
5,93,80,40,50,6,6,0
10,75,35,56,97,4,7,1
5,69,69,62,42,6,2,0
5,64,88,64,69,8,5,0
9,88,99,52,90,4,6,1
2,50,96,66,94,7,4,0
1,89,96,55,59,9,1,1
8,58,30,42,45,5,4,0
8,90,89,32,70,9,1,1
4,88,48,66,63,7,1,0
5,66,79,72,41,6,7,0
8,55,66,34,61,8,7,0
4,84,69,36,64,7,7,0
7,75,30,81,81,4,7,1
10,71,68,45,88,6,2,1
4,55,83,100,57,4,6,0
4,95,38,85,43,4,4,0
1,91,30,67,65,8,1,0
1,72,96,48,46,8,2,1
7,76,71,70,73,7,4,1
2,68,36,55,63,6,5,0
9,56,49,98,95,5,4,0
10,88,62,92,85,4,2,1
8,65,52,99,48,4,2,0
5,97,67,33,79,6,1,0
3,79,43,96,32,5,1,0
1,71,55,86,30,5,1,0
8,61,67,91,86,5,6,0
7,83,39,37,49,7,2,0
8,78,86,76,87,9,5,1
1,94,53,32,55,4,6,0
10,60,93,86,59,7,1,0
6,92,33,67,49,7,5,0
2,69,85,67,98,5,4,0
2,94,77,44,34,8,7,0
8,90,50,40,39,5,3,0
6,87,96,30,47,7,4,0
8,53,54,40,93,7,4,0
1,72,31,60,62,7,7,0
2,67,41,61,92,4,2,0
10,96,78,30,86,6,1,1
8,66,84,58,42,9,1,0
3,52,92,31,64,9,2,0
5,50,67,33,90,5,5,0
2,78,64,84,68,4,6,1
8,91,70,69,90,5,4,1
6,95,53,59,63,5,1,0
3,78,52,84,68,8,1,1
10,87,64,75,95,9,7,1
4,65,45,98,86,9,4,0
3,80,71,72,85,4,6,1
6,81,46,77,34,7,1,0
9,84,90,93,93,9,3,1
9,68,39,89,80,4,7,0
3,82,54,77,65,4,2,1
1,68,80,94,69,4,6,0
7,89,44,34,40,8,7,0
5,91,41,69,30,6,5,0
6,72,52,43,32,5,7,0
7,56,62,75,81,7,7,0
8,70,79,59,57,4,7,1
5,82,37,31,88,9,7,0
7,53,69,52,92,8,3,0
5,75,91,89,30,7,5,1
1,88,85,75,56,8,6,1
1,98,63,61,81,7,1,1
8,71,83,81,77,8,3,1
4,100,84,42,94,5,2,1
2,66,42,95,33,5,7,0
7,80,67,100,48,8,1,1
3,71,74,74,73,7,2,1
1,61,75,83,83,4,4,0
6,91,56,37,70,5,5,0
8,98,44,64,41,6,6,0
4,65,96,83,34,6,7,0
3,94,66,63,94,7,7,1
9,83,66,61,78,5,4,1
9,79,81,86,84,6,5,1
6,75,79,34,49,4,7,0
7,99,44,54,65,9,4,0
2,81,92,95,51,8,4,1
10,90,49,73,62,9,7,1
8,98,36,82,77,5,7,1
9,50,100,36,65,4,3,0
4,56,32,52,69,6,7,0
10,76,78,77,53,4,5,1
6,55,50,55,97,9,3,0
10,61,70,61,73,8,5,0
7,62,75,94,72,6,7,0
5,50,98,72,97,9,7,0
6,69,57,87,34,8,2,0
2,91,79,42,77,8,1,1
1,68,44,40,33,8,7,0
7,87,49,47,78,4,3,0
10,86,34,83,58,7,6,0
10,66,99,85,35,4,2,0
1,78,63,45,61,6,7,0
1,55,84,50,68,6,6,0
6,90,67,60,66,8,4,1
4,96,77,79,54,6,3,1
10,83,72,87,56,5,7,1
1,62,68,47,85,5,5,0
5,78,91,73,64,4,5,1
8,53,63,81,47,9,3,0
6,95,40,50,94,6,4,1
8,58,94,41,54,7,3,0
4,55,37,92,93,7,5,0
5,68,49,49,73,7,4,0
3,97,60,36,91,4,4,1
8,96,68,35,73,5,2,0
6,58,44,80,95,9,6,0
2,52,82,50,84,6,2,0
5,75,40,36,83,6,4,0
9,59,53,69,63,6,3,0
3,91,54,73,80,7,6,1
3,90,75,99,78,8,7,1
4,98,46,49,84,7,2,0
8,85,100,38,60,8,5,1
1,60,54,91,67,7,4,0
2,84,90,88,96,8,1,1
5,51,83,91,92,7,2,0
10,88,93,55,91,9,3,1
6,54,91,65,66,8,6,0
5,77,55,98,36,8,6,1
3,76,84,85,39,4,4,1
8,63,59,84,93,7,1,0
8,86,83,55,40,6,6,0
6,84,81,70,100,7,2,1
7,95,70,33,82,9,6,1
5,84,89,47,43,5,5,0
3,80,58,58,32,7,4,0
9,86,36,49,64,5,6,0
2,63,90,48,74,8,2,0
8,81,50,65,74,8,4,1
5,76,79,77,62,5,3,1
6,85,32,96,70,7,3,1
3,97,79,42,89,6,6,1
3,67,58,59,84,9,6,0
10,69,69,36,54,7,5,0
9,96,82,92,45,8,1,1
7,76,39,86,56,6,6,1
4,96,50,91,67,7,6,1
1,73,87,48,76,7,6,1
10,99,90,67,52,9,5,1
9,61,52,93,64,4,6,0
9,61,85,85,63,5,1,0
6,80,98,40,93,4,1,1
6,71,83,84,84,5,3,1
2,78,76,76,81,6,6,1
4,66,92,44,80,8,6,0
10,99,41,65,78,4,4,1
6,63,97,87,38,8,5,0
1,55,99,59,61,9,6,0
7,83,77,66,93,4,1,1
6,99,61,54,60,9,2,0
3,72,67,30,61,7,3,0
10,53,42,84,76,5,5,0
2,68,98,32,48,6,1,0
2,86,53,65,66,5,7,1
9,65,55,46,43,8,4,0
7,84,53,43,36,7,5,0
10,62,65,99,59,6,3,0
2,88,95,48,74,4,5,1
9,81,45,78,57,9,1,1
8,65,76,59,71,4,3,0
1,78,71,59,37,9,3,0
2,69,96,100,58,8,4,0
2,93,30,37,96,9,4,0
10,76,50,31,72,7,2,0
1,59,87,32,44,8,4,0
8,69,36,86,72,9,2,0
9,81,64,69,37,4,2,0
9,68,60,51,73,7,7,0
8,78,58,90,42,7,5,1
10,100,63,32,98,8,6,1
9,94,40,78,75,8,3,1
8,77,71,99,87,4,1,1
5,98,60,97,87,9,2,1
8,75,40,71,55,7,2,0
7,95,61,44,67,8,2,0
9,58,35,53,94,5,1,0
1,65,96,55,98,8,2,0
10,76,89,100,47,6,2,1
4,87,41,88,62,9,7,1
3,97,59,56,63,7,5,0
9,81,46,91,32,6,6,0
6,88,97,80,65,4,6,1
10,77,94,65,63,7,3,1
9,86,84,52,67,7,6,1
8,62,94,46,72,5,4,0
5,87,74,91,78,9,2,1
9,82,70,71,64,5,4,1
5,75,67,97,62,5,5,1
10,88,60,83,100,6,1,1
8,95,62,35,74,4,7,0
4,97,53,40,38,6,1,0
10,83,66,48,35,7,1,0
2,100,99,71,59,6,3,1
8,59,45,48,97,5,1,0
7,54,47,100,72,6,1,0
3,91,64,68,59,6,1,1
1,75,97,93,30,8,2,1
8,100,76,98,41,4,1,1
3,69,45,33,79,9,5,0
10,82,65,60,80,4,3,1
7,69,65,75,67,9,4,0
7,54,48,62,87,8,7,0
7,80,76,95,97,6,1,1
1,94,88,89,32,7,4,1
5,75,83,47,74,4,3,1
7,52,88,85,90,6,2,0
6,73,48,64,45,4,7,0
7,87,58,33,33,9,3,0
6,98,37,67,67,4,7,0
5,61,79,49,61,4,7,0
10,50,94,61,81,9,2,0
7,70,98,37,42,7,5,0
6,61,32,57,72,8,6,0
3,83,82,90,40,9,7,1
6,63,42,90,44,7,3,0
9,72,49,95,58,5,1,1
9,52,48,97,49,9,2,0
5,52,59,40,36,4,6,0
1,80,31,62,77,5,2,0
5,54,56,62,67,4,1,0
7,87,44,30,76,6,5,0
1,61,40,77,35,5,1,0
4,62,34,35,76,9,2,0
9,83,81,83,32,4,7,1
6,95,66,73,93,5,2,1
8,50,89,36,45,6,1,0
2,50,33,65,60,9,2,0
2,51,89,74,84,5,3,0
5,83,56,68,73,8,3,1
4,93,99,53,64,4,7,1
8,69,58,41,91,6,2,0
10,59,76,36,43,6,1,0
10,82,45,64,37,4,7,0
8,100,49,89,44,6,4,1
7,76,38,63,93,9,4,1
10,83,67,35,52,5,3,0
7,54,59,36,72,6,5,0
8,50,64,77,71,9,1,0
6,83,96,93,94,9,6,1
9,88,39,36,35,7,2,0
2,82,84,68,48,8,5,1
2,67,68,50,38,9,2,0
5,84,36,89,62,5,7,1
9,74,45,36,64,6,1,0
7,68,32,51,94,5,6,0
2,77,88,75,30,7,7,1
8,72,33,80,34,4,3,0
7,80,45,68,57,5,1,0
1,60,54,31,88,9,7,0
10,75,46,65,50,9,3,0
8,50,72,95,31,5,6,0
3,58,43,98,88,9,5,0
3,52,72,74,97,6,3,0
9,78,71,79,79,5,3,1
10,87,65,70,37,7,5,0
10,70,91,73,39,5,2,1
9,64,73,41,39,4,2,0
7,79,39,93,57,5,2,1
1,56,44,41,33,5,7,0
4,80,80,57,82,4,2,1
9,58,53,51,85,8,4,0
9,92,39,98,92,4,3,1
6,86,38,82,73,9,6,1
10,97,34,99,62,6,5,1
7,91,85,73,90,9,6,1
9,75,44,72,83,5,5,1
9,83,69,95,78,8,5,1
4,100,87,78,39,5,2,1
6,54,88,57,65,7,3,0
1,64,95,76,53,4,4,0
10,70,57,44,76,8,5,0
10,51,66,37,89,9,4,0
10,92,49,58,70,8,7,0
9,55,62,74,77,5,7,0
8,65,86,86,83,8,7,0
9,90,86,100,93,8,1,1
10,72,90,68,74,7,6,1
6,61,40,64,99,4,3,0
2,80,85,97,56,7,4,1
10,92,30,49,51,6,2,0
2,58,33,90,90,9,5,0
2,60,51,55,84,8,7,0
10,70,94,91,97,4,1,1
6,51,85,76,36,9,5,0
10,72,63,82,75,8,5,1
5,88,44,49,64,6,3,0
1,75,72,37,64,6,5,0
6,92,69,82,36,7,7,1
9,78,87,60,95,6,3,1
9,58,49,81,91,5,2,0
1,84,95,74,82,5,4,1
8,90,62,95,44,6,5,1
4,91,67,69,78,6,7,1
8,70,36,89,55,9,6,1
7,62,83,88,51,5,6,0
8,82,72,79,53,9,5,1
3,54,79,40,85,8,3,0
8,50,52,96,42,5,6,0
7,78,57,95,46,5,7,1
4,51,45,35,47,4,2,0
1,55,92,40,31,6,2,0
4,94,35,93,78,8,7,1
6,66,86,97,99,8,1,0
9,66,62,31,99,8,4,0
2,59,44,95,86,6,7,0
10,87,84,74,51,9,6,1
1,95,72,80,40,5,3,1
10,75,86,40,57,8,6,1
9,63,35,30,48,4,3,0
5,100,91,42,75,7,2,1
1,68,59,41,40,6,2,0
3,50,84,30,35,7,7,0
5,55,75,41,43,9,3,0
8,99,49,90,35,4,3,0
1,90,37,61,51,9,6,0
7,64,72,81,87,9,5,0
3,79,84,51,78,9,6,1
4,87,36,91,43,6,6,0
9,93,87,93,99,7,3,1
8,81,42,42,47,5,5,0
8,92,90,51,79,5,2,1
5,98,36,33,61,4,7,0
4,96,44,58,94,6,6,1
6,65,31,38,30,5,1,0
3,79,31,79,91,7,5,1
8,70,60,80,52,5,2,1
2,77,68,75,67,7,1,1
10,79,35,83,71,7,5,1
6,93,54,46,61,7,5,0
9,82,38,44,98,5,2,1
5,86,31,98,52,6,6,1
2,58,51,93,96,7,3,0
2,66,87,91,48,9,4,0
4,76,83,93,99,7,4,1
5,76,47,39,91,6,4,0
3,96,54,47,39,5,2,0
4,93,45,36,74,5,6,0
7,67,80,51,58,6,1,0
2,71,56,46,64,9,5,0
9,79,86,100,87,4,4,1
5,57,49,55,32,7,1,0
7,76,37,46,75,6,2,0
4,78,34,72,88,5,1,1
2,58,69,85,32,5,3,0
7,76,69,83,55,8,1,1
10,62,33,92,46,4,4,0
9,93,40,69,97,4,1,1
9,90,96,50,63,8,4,1
6,68,48,31,100,4,6,0
7,50,36,81,54,5,7,0
9,74,91,68,66,8,4,1
3,73,70,64,47,6,5,1
4,85,89,57,86,5,5,1
5,56,90,93,97,9,6,0
7,82,73,51,78,5,5,1
3,79,42,73,56,7,6,0
1,74,58,68,68,5,5,1
2,89,48,59,55,8,3,0
10,67,30,37,68,9,5,0
9,97,94,91,58,8,6,1
9,80,94,56,90,8,1,1
8,79,51,91,97,8,7,1
5,93,81,37,79,4,7,1
9,64,64,50,37,8,1,0
6,66,69,97,67,9,4,0
3,72,97,98,88,4,7,1
2,85,54,58,53,4,6,0
2,77,87,79,52,9,7,1
9,95,54,96,40,7,4,1
1,64,84,100,70,7,7,0
10,92,73,30,69,9,6,0
5,78,66,71,63,8,4,1
1,55,66,70,59,6,4,0
8,67,40,44,98,6,1,0
7,81,34,95,65,4,2,1
1,70,89,84,79,6,6,1
7,74,32,62,100,9,5,1
1,87,72,100,32,6,5,1
8,85,34,35,91,4,6,0
3,69,36,64,51,8,4,0
8,71,92,77,57,8,7,1
7,72,48,72,88,7,1,1
1,100,100,89,59,6,3,1
7,96,34,98,39,6,2,0
2,79,48,36,68,7,6,0
3,53,77,79,31,8,4,0
7,58,30,85,77,7,3,0
9,94,36,98,89,7,4,1
8,51,93,79,31,9,6,0
4,74,76,90,76,6,2,1
8,78,42,52,98,7,4,1
3,89,42,81,59,5,5,1
5,72,61,85,30,5,1,0
3,69,30,37,39,7,5,0
7,56,88,51,54,6,6,0
5,78,81,69,62,5,5,1
2,53,72,30,94,5,3,0
10,63,56,97,37,4,1,0
10,59,71,59,78,5,4,0
5,56,96,39,84,4,3,0
7,68,64,79,48,7,3,0
1,100,35,78,64,5,5,0
8,93,31,97,84,5,5,1
3,70,44,41,33,8,3,0
3,59,56,74,54,8,7,0
9,62,40,90,45,5,4,0
3,61,70,69,40,7,1,0
5,54,35,30,53,8,2,0
6,69,48,43,80,4,3,0
9,85,93,82,79,7,5,1
2,65,43,67,78,8,1,0
10,94,39,84,68,6,2,1
1,100,89,72,86,5,3,1
7,85,69,90,53,5,6,1
10,99,52,79,85,6,1,1
4,75,86,31,48,7,6,0
9,50,71,43,88,5,4,0
4,81,80,62,85,9,3,1
5,54,67,69,43,6,3,0
5,53,70,63,53,7,4,0
4,69,65,60,85,8,3,0
6,64,51,73,70,4,5,0
9,82,89,78,82,9,3,1
9,64,82,90,81,9,5,0
6,76,82,100,72,6,6,1
4,65,62,55,86,8,4,0
6,76,94,31,76,6,5,1
4,93,49,50,44,6,5,0
10,91,76,79,33,5,5,1
9,89,62,41,39,7,4,0
6,98,50,64,62,9,5,0
5,100,83,33,56,5,6,0
2,86,78,44,64,7,5,1
1,82,49,62,91,8,1,1
1,53,48,73,81,8,2,0
10,59,49,64,89,7,5,0
9,85,30,61,90,9,1,1
4,54,59,100,66,9,4,0
5,90,39,74,36,7,1,0
1,83,36,83,31,7,1,0
7,84,90,90,82,4,4,1
5,67,57,32,72,4,5,0
5,90,62,55,65,9,7,1
9,68,58,90,93,8,1,0
10,70,78,45,92,4,7,1
8,63,71,30,63,5,7,0
6,79,72,32,70,6,5,0
8,73,74,71,62,8,2,1
4,79,98,63,65,6,1,1
5,73,44,31,83,4,7,0
9,96,85,43,76,6,2,1
6,55,60,37,87,9,6,0
10,78,98,62,67,6,3,1
8,50,45,48,98,7,6,0
7,62,53,48,98,8,6,0
4,72,68,90,34,7,5,1
9,99,54,71,99,7,2,1
9,55,99,68,65,5,3,0
8,61,34,82,91,5,3,0
2,100,86,94,56,9,6,1
8,54,36,97,33,9,6,0
7,60,61,78,36,6,2,0
4,95,62,44,82,9,7,1
2,90,55,98,100,6,2,1
9,66,39,83,38,4,3,0
2,83,30,46,75,9,5,0
2,79,93,85,95,4,5,1
2,73,36,78,83,5,7,1
8,63,91,99,45,5,7,0
5,80,56,33,54,9,2,0
2,53,83,86,72,6,2,0
7,84,39,84,57,9,6,1
10,79,50,56,51,7,6,0
4,63,43,33,70,5,1,0
4,67,53,42,75,9,3,0
1,100,81,67,54,9,6,1
6,68,74,41,58,9,6,0
3,100,72,66,56,5,4,1
8,76,96,90,60,7,4,1
7,51,30,97,58,6,6,0
8,50,32,86,98,8,5,0
2,71,39,98,94,6,3,1
8,53,57,37,85,4,2,0
9,93,88,93,62,4,6,1
3,91,38,95,66,6,5,1
3,74,79,65,99,6,2,1
9,93,46,81,100,8,3,1
7,66,87,75,33,7,4,0
2,87,34,79,39,8,7,0
5,55,62,55,86,6,7,0
10,94,86,36,45,4,2,0
1,90,66,86,70,4,6,1
5,82,35,65,86,9,6,1
1,52,77,51,87,4,1,0
3,88,69,69,61,6,4,1
10,56,91,51,94,9,2,0
5,59,95,56,53,7,2,0
4,90,62,65,86,9,2,1
4,91,92,62,76,6,1,1
8,97,85,37,99,4,3,1
1,56,54,70,59,7,1,0
5,96,91,72,56,4,3,1
8,72,49,74,81,5,3,1
6,97,89,83,97,7,5,1
10,88,55,40,59,5,3,0
7,88,96,33,91,7,3,1
4,98,53,80,49,6,4,1
10,53,97,56,95,6,2,0
7,67,66,67,40,5,1,0
10,100,54,98,49,8,5,1
8,78,65,69,62,5,7,1
10,65,98,69,86,5,5,0
3,77,89,89,51,5,3,1
7,98,31,95,33,8,6,0
8,70,45,100,49,7,2,1
9,73,95,55,42,9,1,1
8,58,74,30,98,7,7,0
5,90,49,89,38,9,6,0
2,99,36,69,73,5,4,0
3,52,84,82,67,6,7,0
4,71,30,86,68,4,2,1
10,63,75,42,56,6,6,0
6,77,41,69,77,5,5,1
3,60,90,38,57,9,4,0
8,71,67,82,79,4,3,1
7,80,83,99,35,9,6,1
6,82,52,87,80,6,6,1
2,52,35,53,34,5,7,0
8,73,74,51,83,6,7,1
3,84,67,71,74,5,1,1
6,67,89,75,72,9,4,0
6,79,47,74,91,9,4,1
7,81,86,45,48,8,1,0
1,64,69,57,37,4,5,0
9,85,83,75,53,8,7,1
2,92,33,46,78,5,4,0
7,81,96,35,49,9,6,1
7,85,63,72,36,9,4,0
2,71,87,30,37,7,1,0
6,96,65,79,36,5,2,1
5,93,42,75,45,5,6,0
1,75,90,100,70,5,7,1
1,95,91,80,66,8,3,1
9,59,46,46,48,9,3,0
9,69,43,92,31,4,7,0
7,81,70,96,83,9,5,1
8,73,74,43,66,5,5,1
8,82,73,77,58,9,4,1
2,100,55,81,97,6,2,1
3,94,64,60,74,5,3,1
7,53,62,39,50,4,4,0
1,82,55,74,37,8,4,0
10,53,92,36,42,9,4,0
6,96,75,100,40,9,2,1
6,73,60,55,78,9,2,1
10,89,31,51,41,9,7,0
1,51,100,86,72,7,2,0
7,79,89,34,94,9,4,1
8,71,83,62,43,5,2,1
8,59,49,43,92,5,2,0
4,53,81,95,39,7,5,0
2,76,55,36,74,9,5,0
5,84,72,64,91,6,2,1
7,81,68,41,37,6,1,0
8,88,91,69,31,9,5,1
8,86,80,97,34,8,5,1
8,82,51,71,54,9,6,0
8,94,76,38,54,4,7,0
7,91,38,56,83,8,3,0
3,100,56,98,72,5,7,1
7,50,82,30,70,6,4,0
9,67,65,31,36,7,2,0
10,53,83,76,54,9,2,0
2,71,62,66,92,6,5,1
8,81,94,97,69,8,3,1
1,63,88,93,98,4,2,0
7,92,79,91,38,4,6,1
8,54,45,53,64,7,5,0
4,62,53,41,42,9,7,0
2,58,73,74,48,7,6,0
5,88,36,73,95,4,5,1
1,64,40,40,79,6,6,0
2,75,36,95,38,6,6,0
4,62,85,67,40,8,5,0
10,70,69,50,30,5,7,0
10,85,89,44,52,4,6,1
9,70,49,38,34,5,2,0
5,83,68,96,50,9,7,1
10,63,97,96,64,6,1,0
6,72,82,39,55,9,6,0
2,60,55,77,92,9,1,0
10,90,69,41,45,7,7,0
7,70,79,50,75,8,4,1
1,70,65,94,86,7,3,1
8,53,65,99,85,6,4,0
4,80,75,58,48,8,7,1
10,62,47,74,55,8,4,0
2,77,47,30,76,6,7,0
2,51,91,41,86,7,3,0
7,56,34,38,60,6,1,0
5,78,85,58,34,9,7,0
9,95,67,83,86,7,3,1
7,77,81,54,86,6,5,1
3,85,57,100,41,9,5,1
9,66,100,36,52,6,4,0
4,66,68,49,49,4,2,0
10,58,72,39,74,6,2,0
3,59,85,63,94,8,7,0
5,90,43,96,37,9,4,0
10,53,47,81,84,8,1,0
4,60,77,38,41,8,1,0
3,91,96,75,31,5,1,1
3,89,35,66,51,8,2,0
6,98,80,46,58,7,1,1
5,81,55,68,47,5,4,0
10,77,46,45,40,8,5,0
9,54,61,64,52,4,7,0
3,94,89,80,92,6,4,1
10,78,77,49,73,5,6,1
4,55,79,52,95,5,3,0
9,53,38,83,62,4,1,0
3,94,66,67,51,8,1,1
1,63,32,52,74,9,5,0
3,85,80,82,52,9,6,1
7,57,96,65,61,5,1,0
9,97,55,88,71,6,6,1
4,61,79,100,51,5,1,0
3,50,84,98,40,9,5,0
9,61,42,69,91,4,3,0
7,80,40,61,31,7,1,0
5,65,33,31,94,7,3,0
1,91,63,42,98,8,1,1
6,94,75,94,39,5,3,1
10,72,69,65,47,5,1,1
10,50,69,92,93,7,2,0
6,84,49,55,80,9,6,1
1,59,59,37,40,4,5,0
6,54,92,78,94,8,4,0
3,72,30,39,55,9,6,0
9,95,73,80,54,4,4,1
5,52,71,86,53,6,3,0
7,65,78,94,49,5,2,0
6,61,65,83,42,9,1,0
2,76,33,45,42,5,2,0
7,62,35,52,52,6,4,0
5,63,50,91,71,5,6,0
6,90,45,47,96,8,2,1
1,83,53,79,59,4,3,1
9,87,60,100,31,4,1,1
9,76,93,43,93,6,7,1
9,70,84,94,46,5,1,1
4,58,80,34,41,6,3,0
10,50,95,43,96,9,1,0
8,76,38,91,33,9,5,0
6,84,55,76,38,4,4,0
7,54,65,96,77,9,3,0
8,57,62,76,61,6,6,0
5,70,100,87,100,7,5,1
3,89,66,96,57,8,7,1
6,99,74,39,64,8,5,0
8,77,53,96,35,7,6,1
2,91,71,93,55,9,6,1
10,86,97,77,47,7,7,1
7,60,38,85,61,6,5,0
5,95,100,96,77,7,7,1
4,87,86,55,87,8,1,1
2,81,51,70,97,9,5,1
5,60,38,100,79,5,1,0
5,60,38,52,64,4,4,0
8,59,86,74,89,5,5,0
1,60,38,33,37,5,7,0
8,77,36,36,92,6,1,0
2,82,56,100,71,8,2,1
10,73,52,86,51,7,1,1
2,63,65,90,51,5,4,0
7,61,69,65,97,9,2,0
8,100,60,90,37,5,1,1
2,73,87,96,44,4,2,1
1,77,96,55,77,7,6,1
5,96,99,78,47,5,6,1
1,97,57,79,96,8,2,1
10,50,94,53,78,6,3,0
8,87,90,63,62,4,6,1
7,58,98,30,90,6,5,0
1,74,81,52,36,7,1,0
8,71,44,41,95,4,1,1
3,56,45,70,41,8,6,0
8,99,42,70,90,4,3,1
3,78,43,73,43,6,5,0
10,91,67,73,93,7,5,1
1,51,59,72,46,8,7,0
9,95,94,52,93,4,4,1
2,70,76,43,38,5,5,0
4,52,50,91,45,5,5,0
1,72,38,93,99,5,7,1
3,67,92,92,91,5,4,0
4,93,53,87,86,6,1,1
1,71,94,60,50,6,6,1
2,69,37,88,81,4,5,0
9,50,35,87,98,4,3,0
8,71,97,57,58,5,6,1
9,82,51,69,35,5,1,0
9,98,62,69,36,7,2,0
8,56,45,90,61,4,5,0
2,74,51,69,65,6,6,1
7,57,67,84,42,6,3,0
3,51,69,81,89,5,4,0
5,79,67,37,74,6,1,0
9,90,90,95,73,9,6,1
9,93,31,52,100,4,2,1
2,82,48,77,65,6,7,1
8,59,84,91,78,4,7,0
2,83,49,71,82,9,3,1
6,54,56,57,95,8,2,0
6,92,85,30,73,8,1,1
8,74,34,91,50,7,5,0
8,98,82,84,51,8,2,1
4,84,98,44,90,6,7,1
5,97,75,49,66,5,7,1
8,83,82,43,91,9,2,1
6,52,54,95,55,6,6,0
3,82,30,83,91,9,4,1
3,84,36,85,91,6,7,1
7,79,33,70,82,7,6,1
2,61,94,40,38,6,6,0
5,80,94,55,42,4,7,1
8,76,92,37,48,8,2,0
5,57,43,36,54,6,1,0
2,75,32,44,68,7,4,0
2,89,64,88,83,9,7,1
6,55,37,93,32,7,1,0
5,56,98,57,74,4,3,0
7,58,73,77,50,6,6,0
3,94,51,94,67,5,1,1
2,91,40,71,80,6,4,1
2,83,90,83,42,9,5,1
6,81,54,96,85,5,6,1
10,58,97,42,65,7,4,0
8,50,78,84,30,4,1,0
8,89,73,65,62,8,5,1
1,98,56,78,83,6,2,1
8,50,85,39,92,6,5,0
5,100,32,43,57,5,2,0
4,91,51,45,32,9,6,0
2,92,92,49,48,6,7,1
9,76,54,30,64,6,4,0
7,60,40,40,33,5,2,0
9,81,95,72,56,9,3,1
3,92,82,97,76,6,2,1
1,93,59,68,68,7,5,1
7,100,34,96,92,7,2,1
3,79,96,37,86,7,4,1
10,73,46,74,90,9,7,1
6,52,61,68,34,9,7,0
7,72,76,66,88,9,1,1
2,80,95,73,58,8,6,1
9,64,61,33,94,4,6,0
2,76,54,78,70,5,4,1
8,80,42,96,51,4,5,1
8,78,88,55,81,9,7,1
8,62,82,66,31,9,7,0
1,64,65,43,65,6,2,0
8,83,46,77,34,7,4,0
6,61,55,85,44,4,7,0
5,94,46,61,56,5,2,0
9,51,42,52,46,4,6,0
2,70,71,49,91,9,4,1
10,59,35,49,40,6,7,0
2,79,44,45,38,6,2,0
10,73,79,96,37,9,6,1
2,59,81,70,54,9,1,0
2,64,49,43,72,7,3,0
1,98,82,91,47,8,5,1
10,75,69,64,30,5,5,0
2,65,42,48,84,5,6,0
10,51,43,64,52,6,6,0
5,87,83,47,97,5,5,1
3,79,48,56,31,6,5,0
5,90,34,64,66,8,6,0
4,92,65,95,64,4,1,1
1,56,66,80,44,5,6,0
6,66,92,73,84,7,4,0
5,96,60,81,49,6,3,1
3,78,66,39,39,4,2,0
5,66,55,65,52,7,1,0
4,77,68,37,30,6,2,0
4,78,62,88,58,9,6,1
1,86,91,90,54,4,3,1
10,80,41,82,89,4,1,1
2,75,87,70,56,7,4,1
9,69,34,77,48,9,5,0
1,100,36,73,58,5,4,0
9,84,62,36,95,5,5,1
2,95,39,72,99,6,2,1
8,62,79,32,38,7,3,0
5,77,37,92,93,4,7,1
1,59,36,96,74,9,1,0
3,77,34,53,37,7,4,0
4,68,31,48,77,8,5,0
5,82,53,82,35,4,3,0
3,92,72,71,32,5,5,0
9,92,51,74,91,9,6,1
10,72,50,92,54,9,4,1
5,81,67,91,78,5,4,1
3,58,44,67,81,5,7,0
4,52,65,81,63,6,4,0
3,90,97,49,95,6,2,1
5,97,99,69,87,6,5,1
4,55,44,63,30,7,3,0
6,65,74,32,86,9,7,0
7,68,33,83,32,5,7,0
5,63,36,37,82,8,3,0
2,85,41,42,100,5,6,1
3,97,66,56,76,4,3,1
5,52,88,88,74,9,1,0
5,85,39,30,79,8,3,0
4,52,47,51,31,5,1,0
10,95,31,49,33,8,5,0
7,85,90,35,95,5,6,1
10,79,100,93,59,4,1,1
8,78,47,60,35,9,5,0
4,57,49,86,79,4,1,0
6,50,75,31,74,9,2,0
6,64,58,87,83,5,3,0
6,66,85,56,93,9,4,0
6,60,35,40,33,6,4,0
8,61,52,60,39,4,3,0
9,65,60,77,33,9,6,0
2,83,68,91,97,7,6,1
4,92,67,56,85,6,7,1
5,98,39,35,86,8,2,0
10,57,54,30,62,4,1,0
2,85,33,98,47,6,5,0
3,90,63,74,71,8,6,1
5,97,70,92,71,8,7,1
7,91,70,65,66,9,3,1
9,72,54,32,42,5,1,0
1,100,65,49,71,9,6,1
10,76,78,33,67,8,3,0
3,70,90,62,88,8,3,1
4,54,32,92,48,9,2,0
10,96,70,56,68,7,7,1
2,71,41,66,83,6,3,1
9,85,61,70,34,9,4,0
5,58,35,45,84,8,6,0
2,58,69,55,52,7,4,0
8,85,91,69,56,5,4,1
1,51,92,62,33,8,4,0
8,96,32,45,43,6,2,0
1,99,76,37,86,7,7,1
8,85,42,38,81,9,5,0
8,92,82,32,56,9,6,0
10,60,82,39,42,7,7,0
8,92,38,32,44,7,2,0
6,88,88,35,65,8,1,1
1,69,45,61,50,6,5,0
6,54,64,61,88,7,1,0
3,96,61,73,38,5,2,0
3,95,85,56,87,5,5,1
2,96,74,92,97,9,4,1
10,77,30,44,59,7,5,0
7,90,88,65,96,7,4,1
10,85,64,84,89,4,1,1
3,62,59,97,98,4,2,0
2,72,42,38,73,6,2,0
5,71,68,54,70,6,2,1
1,73,53,39,55,4,1,0
10,75,99,84,61,6,6,1
5,74,30,53,42,6,5,0
7,83,33,72,98,8,4,1
8,73,99,73,58,4,5,1
1,73,91,61,55,9,6,1
7,64,83,56,36,4,4,0
4,64,84,43,74,7,1,0
5,86,86,39,63,8,5,1
10,93,66,98,42,8,3,1
4,81,73,57,55,7,7,1
2,70,67,69,62,7,4,1
1,53,54,34,43,6,4,0
2,58,53,88,76,8,5,0
8,57,54,87,47,5,4,0
3,81,94,75,78,6,4,1
9,91,89,66,68,9,2,1
3,80,51,90,85,8,4,1
9,75,38,53,98,6,7,1
3,51,32,90,62,8,7,0
3,89,92,79,43,5,6,1
8,67,57,68,95,9,4,0
6,81,38,76,59,9,1,0
8,87,66,86,74,4,4,1
10,81,78,58,59,5,1,1
1,62,57,92,43,8,4,0
4,71,51,34,58,6,1,0
3,58,32,57,55,9,6,0
8,98,82,94,67,8,3,1
2,57,37,32,60,4,2,0
4,51,51,57,50,7,2,0
5,86,94,43,75,5,4,1
7,65,63,100,88,9,7,0
6,90,34,67,35,5,4,0
2,63,34,63,33,8,6,0
9,100,83,52,36,4,6,0
2,72,54,30,94,7,1,0
4,91,96,61,90,7,6,1
4,79,46,92,60,8,2,1
5,71,47,41,86,7,2,0
5,52,67,83,79,9,6,0
1,50,47,61,54,7,3,0
3,69,52,48,85,5,6,0
7,51,68,47,66,5,5,0
6,99,93,90,73,6,7,1
8,54,85,70,39,7,2,0
4,69,64,52,96,7,7,0
4,66,70,36,43,4,4,0
3,61,86,51,44,6,1,0
8,55,38,50,30,8,3,0
7,90,36,66,89,6,2,1
10,66,34,67,43,8,5,0
4,52,34,32,87,9,1,0
5,59,100,79,91,4,1,0
9,87,64,41,99,5,7,1
2,97,77,90,70,7,5,1
9,77,70,60,55,9,1,1
10,94,97,75,97,9,5,1
2,90,70,38,53,4,7,0
6,60,65,89,63,6,7,0
8,83,42,72,99,9,3,1
4,84,68,71,31,4,1,0
2,74,51,61,56,8,3,0
10,52,88,44,48,6,7,0
4,66,32,42,81,6,1,0
8,84,73,91,69,6,2,1
6,67,38,49,51,5,7,0
9,85,85,49,54,8,6,1
5,57,30,36,92,4,5,0
5,68,69,98,62,8,1,0
4,83,75,68,32,6,6,0
5,94,77,74,84,5,5,1
2,64,98,46,76,5,2,0
7,59,82,49,38,9,2,0
9,95,73,55,34,8,2,0
8,69,31,63,80,7,2,0
6,73,30,51,70,8,6,0
9,78,54,45,53,7,5,0
8,80,59,93,48,7,6,1
7,67,99,47,46,4,6,0
2,97,78,42,68,4,7,1
5,57,92,32,88,6,6,0
2,65,75,39,75,4,1,0
9,65,38,50,64,4,5,0
6,66,80,83,55,9,1,0
3,57,73,76,43,9,6,0
5,60,74,84,42,5,3,0
1,63,56,84,64,4,4,0
10,78,75,85,78,7,2,1
3,85,83,50,50,9,2,1
9,69,47,59,42,6,3,0
3,57,49,87,96,6,5,0
8,89,97,78,80,5,3,1
4,91,85,77,55,4,6,1
10,61,65,44,99,6,6,0
3,68,41,60,40,4,2,0
7,75,64,88,34,5,1,1
6,50,72,74,46,6,4,0
8,63,76,66,33,8,1,0
3,53,51,67,83,9,4,0
7,97,40,74,39,7,1,0
8,91,58,80,94,4,6,1
3,90,85,87,99,8,3,1
3,66,35,54,46,5,5,0
6,85,50,73,63,6,5,1
3,52,54,82,53,5,6,0
1,72,43,98,79,8,7,1
8,58,73,95,77,9,1,0
5,68,96,85,79,6,3,0
10,70,76,52,84,6,7,1
7,90,35,98,78,5,3,1
6,87,53,46,55,4,5,0
6,55,35,51,69,8,7,0
9,79,100,52,77,8,5,1
5,54,90,92,99,9,4,0
1,50,80,44,37,8,7,0
1,91,40,78,39,7,3,0
4,78,54,93,63,8,6,1
5,99,83,38,79,7,5,1
4,58,35,94,97,7,6,0
2,70,72,48,32,7,6,0
3,61,76,77,58,5,1,0
7,77,64,78,50,8,6,1
1,86,74,77,35,8,3,1
1,86,89,36,87,8,7,1
2,92,54,63,51,6,5,0
9,89,72,93,49,8,4,1
4,82,78,61,100,9,5,1
1,63,69,96,61,5,3,0
9,95,61,36,59,6,7,0
7,75,49,90,74,4,7,1
2,82,75,90,34,4,3,1
8,53,62,76,92,6,1,0
3,58,92,48,52,8,6,0
9,91,36,37,45,4,4,0
9,69,87,49,75,7,1,0
2,81,84,47,41,6,1,0
1,99,55,83,71,9,4,1
4,86,60,46,96,4,6,1
5,98,81,81,57,8,6,1
4,79,63,35,84,8,7,1
2,53,37,79,69,5,5,0
10,54,87,59,30,4,4,0
9,88,93,38,65,9,6,1
6,80,80,65,65,7,5,1
4,84,100,32,78,7,7,1
6,50,58,74,80,4,2,0
1,69,30,77,92,6,4,0
1,73,98,67,33,9,7,1
8,63,67,72,90,7,6,0
8,86,91,76,59,6,2,1
5,55,84,85,91,7,3,0
4,67,55,95,69,7,2,0
6,90,84,66,85,8,7,1
7,79,50,56,33,7,6,0
6,98,52,72,99,7,1,1
7,65,38,86,87,5,3,0
6,90,100,38,42,9,3,1
6,88,60,55,44,8,5,0
6,59,76,97,56,7,1,0
3,67,83,62,79,8,1,0
5,70,63,58,92,6,3,1
9,64,41,90,60,9,3,0
7,72,91,45,48,7,6,1
7,93,51,48,63,8,1,0
1,81,46,93,36,8,2,0
5,57,62,41,67,5,2,0
7,62,33,48,55,6,5,0
1,94,41,61,91,7,3,1
8,89,39,95,35,6,3,0
9,56,60,56,78,4,1,0
3,98,63,62,83,8,5,1
3,65,53,63,76,5,7,0
6,77,61,94,63,6,4,1
9,94,84,43,81,4,6,1
10,73,45,51,56,4,4,0
8,93,81,77,63,8,7,1
4,91,97,45,38,8,4,1
5,92,59,91,51,8,2,1
2,83,79,46,49,6,7,0
5,92,82,32,41,9,2,0
6,93,94,77,60,6,3,1
4,81,68,83,51,6,1,1
8,84,79,64,77,8,7,1
5,67,36,50,33,9,2,0
10,89,56,67,76,4,5,1
4,82,86,79,68,7,1,1
3,83,51,61,61,9,4,0
3,73,75,88,98,6,7,1
6,84,59,71,98,5,4,1
9,63,91,51,73,8,2,0
10,53,92,77,69,4,1,0
6,76,99,82,30,4,7,1
1,52,62,92,42,8,5,0
5,54,47,63,81,5,7,0
8,83,86,72,62,5,5,1
5,64,44,78,53,5,4,0
10,82,31,38,40,8,3,0
8,53,57,95,81,8,2,0
5,62,73,35,96,7,7,0
6,95,64,67,86,9,7,1
5,80,91,94,33,7,1,1
6,78,61,79,95,4,3,1
6,55,56,62,77,8,5,0
5,56,47,93,61,6,5,0
6,50,71,81,69,6,2,0
2,58,84,73,39,8,3,0
6,76,72,80,74,6,7,1
10,69,40,47,38,9,5,0
3,51,40,32,51,8,5,0
2,84,33,82,70,8,4,1
3,61,89,91,32,5,5,0
1,72,74,99,61,9,5,1
4,61,98,60,55,9,5,0
8,74,46,44,78,8,7,0
5,67,36,64,87,6,2,0
5,82,38,34,71,5,4,0
5,66,67,69,41,7,6,0
2,70,43,47,94,7,7,1
2,72,59,100,93,9,5,1
10,72,60,55,91,7,2,1
7,70,42,42,99,9,7,1
4,77,71,61,48,7,3,1
3,92,85,46,54,9,3,1
4,95,44,61,95,5,1,1
7,100,54,47,45,7,2,0
2,57,45,96,67,5,1,0
10,80,95,83,67,7,2,1
8,88,69,37,51,6,3,0
7,86,75,53,84,5,7,1
9,54,72,58,55,5,2,0
5,99,85,31,82,5,7,1
10,64,30,30,39,5,5,0
4,95,66,42,55,7,6,0
9,51,49,97,58,7,4,0
8,92,91,87,50,7,4,1
7,89,53,72,54,4,2,0
6,65,35,57,41,7,6,0
5,93,89,39,54,8,7,1
1,89,42,67,63,5,5,0
10,54,60,77,36,5,5,0
3,66,41,33,87,9,1,0
5,76,67,72,85,7,6,1
8,78,89,70,37,8,1,1
8,77,73,50,70,4,1,1
8,99,32,61,96,4,2,1
9,79,31,49,99,9,2,0
8,76,46,57,32,4,2,0
3,80,36,97,40,4,4,0
1,92,95,88,91,4,7,1
7,94,94,79,73,5,1,1
3,63,90,56,70,6,5,0
4,63,86,51,98,6,6,0
3,73,100,45,80,6,2,1
1,64,69,57,53,7,4,0
8,98,44,93,38,6,5,0
9,83,66,85,61,5,2,1
9,88,42,100,58,4,1,1
5,52,44,36,82,5,5,0
7,94,37,58,74,4,4,0
8,78,70,85,50,9,1,1
5,73,78,56,66,5,2,1
1,84,37,71,98,5,3,1
10,87,48,80,74,5,7,1
9,63,68,73,41,6,2,0
7,87,83,97,57,8,1,1
9,50,86,52,76,5,5,0
9,90,70,77,76,5,7,1
2,56,90,72,85,7,5,0
4,50,91,48,62,9,7,0
4,57,56,77,68,5,7,0
7,59,81,56,81,6,5,0
3,69,40,81,75,9,5,0
10,51,71,77,94,6,2,0
3,93,63,53,53,8,3,0
10,96,98,83,63,7,2,1
6,99,79,97,64,9,2,1
10,50,73,68,51,9,2,0
10,75,50,81,39,8,3,0
4,64,34,48,75,5,5,0
2,72,94,54,80,7,7,1
3,79,84,40,65,6,4,1
8,81,63,33,90,8,7,1
3,93,50,51,36,9,7,0
1,59,76,86,90,4,2,0
3,89,95,74,99,6,1,1
3,68,64,43,43,9,3,0
4,89,55,82,79,8,1,1
1,98,34,82,61,5,5,0
2,90,96,50,35,8,3,1
3,72,55,44,88,8,2,1
5,96,92,66,37,4,7,1
8,74,70,85,88,9,3,1
9,58,42,64,99,6,2,0
8,75,51,53,45,9,6,0
1,50,62,62,53,5,7,0
1,64,77,57,70,6,2,0
8,68,81,88,73,5,6,0
10,82,82,50,96,6,1,1
6,96,41,47,67,5,2,0
9,81,70,66,77,9,1,1
5,52,50,98,65,8,2,0
5,61,61,52,38,7,4,0
1,90,72,99,92,8,1,1
8,67,43,73,98,7,4,0
10,55,44,81,73,4,2,0
9,87,67,55,39,8,7,0
4,80,49,54,42,4,1,0
3,58,98,52,92,5,7,0
1,98,81,98,81,5,6,1
8,57,88,73,75,7,5,0
7,83,75,51,34,4,4,0
5,50,97,93,81,4,3,0
7,62,63,66,64,8,5,0
8,51,32,46,90,5,2,0
3,60,56,87,56,6,4,0
2,86,30,40,46,6,5,0
1,62,89,75,60,7,6,0
3,77,40,40,89,4,2,0
4,93,95,99,54,5,7,1
8,80,78,95,35,5,5,1
4,59,50,68,84,9,4,0
1,75,51,95,91,5,6,1
8,65,80,44,59,6,2,0
10,98,41,99,58,5,2,1
5,67,32,62,87,6,2,0
8,54,75,72,85,4,5,0
7,72,57,99,63,9,7,1
6,74,89,90,98,9,3,1
9,52,30,54,58,6,3,0
5,93,34,48,77,4,2,0
8,77,51,61,50,7,4,0
10,73,49,49,96,7,6,1
9,65,53,33,65,5,3,0
2,87,76,70,41,9,2,1
5,97,33,72,79,7,4,1
5,69,62,98,33,5,1,0
5,94,85,63,95,9,7,1
1,93,89,50,55,8,4,1
1,55,30,70,48,4,2,0
8,90,45,81,87,9,5,1
1,93,100,71,40,4,7,1
5,89,45,63,37,6,7,0
9,51,67,60,62,4,4,0
1,87,96,73,81,9,3,1
9,56,87,58,74,5,2,0
2,94,48,81,88,8,6,1
10,56,55,86,70,7,1,0
10,88,67,78,53,7,1,1
7,94,54,60,47,9,3,0
1,99,31,72,58,8,7,0
6,90,87,77,100,8,3,1
8,67,90,94,38,6,7,0
7,57,67,97,35,6,7,0
5,57,39,82,70,9,1,0
2,61,52,44,95,7,4,0
1,76,64,66,82,6,1,1
2,94,37,80,67,8,5,1
1,84,76,68,52,8,4,1
6,80,54,61,59,9,5,0
8,57,31,35,53,9,5,0
9,50,30,93,98,7,1,0
4,76,44,60,87,5,2,1
10,88,94,38,95,4,1,1
9,93,98,51,90,5,6,1
8,55,92,78,56,9,6,0
8,82,30,53,61,5,6,0
9,56,43,36,85,8,2,0
5,98,69,85,35,6,7,1
2,85,37,79,51,7,5,0
3,73,43,74,84,9,2,1
1,79,63,67,82,8,6,1
10,55,95,53,54,4,2,0
3,53,47,45,51,9,7,0
8,72,39,96,73,8,2,1
3,92,36,63,86,6,5,1
6,58,75,90,53,6,4,0
9,60,37,31,71,6,3,0
3,53,82,90,83,7,4,0
1,68,86,75,49,9,1,0
3,62,76,68,79,7,5,0
3,99,70,91,82,8,1,1
9,61,37,31,45,7,7,0
6,56,80,91,86,6,5,0
6,86,59,58,93,4,7,1
9,66,71,52,84,9,3,0
3,99,92,57,79,8,3,1
4,61,44,44,98,4,6,0
7,60,57,60,38,5,3,0
6,59,67,75,57,4,4,0
9,73,67,35,75,7,5,0
7,53,40,30,39,8,5,0
8,61,68,74,38,8,4,0
2,68,40,52,100,9,3,0
8,62,62,57,54,6,5,0
9,55,97,43,63,5,3,0
7,87,69,88,51,6,1,1
10,64,96,64,72,6,3,0
6,78,49,59,37,8,2,0
7,50,75,36,31,8,3,0
4,85,37,96,87,4,6,1
4,98,83,39,96,4,3,1
8,66,50,35,49,7,4,0
3,87,83,94,48,5,2,1
10,78,87,45,38,6,7,0
7,84,77,44,49,7,5,0
2,54,45,68,50,8,1,0
10,96,75,92,100,6,1,1
5,56,78,32,30,4,3,0
1,100,41,45,92,4,2,0
1,52,87,93,54,6,6,0
10,71,92,84,94,7,7,1
9,79,83,56,49,6,4,1
2,70,41,91,88,6,2,1
6,78,91,91,37,9,1,1
9,57,65,54,86,6,3,0
3,68,59,76,93,9,4,0
5,83,39,87,93,4,1,1
7,79,71,84,64,6,7,1
3,94,32,75,99,5,7,1
1,72,80,59,34,4,4,0
7,94,73,42,57,8,6,0
2,99,89,61,87,7,1,1
10,75,37,64,92,7,1,1
4,80,57,31,34,6,2,0
6,51,34,80,71,6,5,0
5,91,67,84,64,5,7,1
9,96,75,100,75,9,2,1
9,73,70,76,92,6,4,1
1,89,70,66,45,6,4,1
2,66,75,93,76,5,4,0
3,97,77,62,64,5,2,1
6,95,53,84,56,9,6,1
9,72,68,33,57,4,4,0
7,56,46,46,33,5,7,0
5,57,97,54,44,8,7,0
6,73,46,71,94,9,1,1
7,87,84,31,87,6,3,1
3,53,32,69,33,7,6,0
9,94,86,69,75,9,7,1
4,95,72,33,74,6,1,0
10,51,95,80,53,5,6,0
1,68,93,76,80,7,2,0
9,61,86,42,42,4,6,0
4,72,60,73,70,4,3,1
1,70,59,86,76,5,4,1
9,98,67,46,100,9,5,1
1,64,87,55,30,9,7,0
4,76,51,68,46,8,5,0
5,71,70,92,79,6,2,1
3,85,51,59,95,5,3,1
4,80,61,67,89,7,3,1
9,73,64,31,84,5,5,0
2,79,46,69,99,9,2,1
2,76,76,39,96,9,7,1
10,81,100,71,52,9,3,1
4,71,72,33,72,7,3,0
8,61,72,44,96,4,6,0
4,86,84,98,86,4,4,1
10,69,44,97,84,8,5,0
9,78,50,84,82,9,5,1
3,92,32,36,44,7,4,0
1,63,67,97,78,9,1,0
1,77,47,36,95,8,3,0
5,89,37,97,75,6,5,1
2,93,94,84,66,6,4,1
4,96,56,70,61,7,5,1
10,97,85,94,68,5,7,1
8,73,39,76,77,5,7,1
6,87,94,49,47,4,2,1
10,64,47,60,66,5,1,0
1,65,99,65,58,7,2,0
10,96,79,53,85,8,4,1
6,68,98,86,56,9,1,0
5,71,65,61,39,8,2,0
8,53,78,79,91,4,1,0
5,81,100,46,36,7,3,1
9,51,34,85,82,9,7,0
3,50,55,81,62,9,1,0
4,100,30,40,60,8,6,0
8,61,45,71,76,6,3,0
2,75,32,72,70,5,5,0
1,56,75,93,82,5,1,0
2,87,94,80,69,7,2,1
6,59,32,54,38,7,6,0
1,83,33,97,81,5,5,1
9,99,86,35,44,5,7,0
1,55,59,57,49,9,2,0
9,90,96,69,86,4,3,1
3,58,100,69,87,7,7,0
7,88,91,87,46,9,3,1
6,52,35,66,43,7,5,0
1,63,94,100,88,4,6,0
9,53,71,38,85,4,3,0
10,72,62,57,63,6,6,1
1,54,67,41,100,7,7,0
3,79,58,89,73,5,3,1
3,88,56,69,82,7,4,1
3,81,81,97,89,5,1,1
4,54,94,33,76,8,7,0
4,62,85,72,70,6,6,0
10,75,97,93,57,9,2,1
9,94,63,31,37,5,7,0
5,64,50,41,69,5,5,0
9,96,96,72,30,4,7,1
9,95,88,67,34,7,3,1
5,66,94,43,84,8,6,0
3,95,98,68,80,7,3,1
1,74,59,68,44,7,4,0
1,52,38,33,31,4,4,0
3,55,63,43,66,6,6,0
1,56,97,64,88,5,4,0
10,54,43,59,53,6,2,0
4,72,42,62,78,6,7,1
2,58,49,59,33,9,7,0
5,87,100,94,61,9,7,1
10,66,79,39,52,4,5,0
5,76,42,59,81,7,1,1
4,51,46,61,59,6,4,0
7,67,57,71,89,7,1,0
8,61,54,76,63,6,1,0
3,88,42,47,76,8,1,0
8,80,76,35,44,9,1,0
10,96,44,74,83,9,4,1
5,87,30,75,77,7,3,1
3,100,48,65,76,7,1,1
4,56,45,51,78,9,5,0
10,77,30,52,42,4,3,0
4,65,98,46,60,6,3,0
5,68,75,32,80,6,5,0
6,88,91,37,58,8,7,1
5,80,46,56,88,9,4,1
1,95,64,93,64,6,1,1
4,73,71,73,32,5,5,0
3,55,91,75,48,7,1,0
10,76,69,86,90,9,5,1
7,78,75,41,69,5,3,1
1,67,42,35,39,7,4,0
3,79,40,67,30,8,3,0
8,77,61,57,100,9,6,1
1,56,75,77,84,6,6,0
6,97,46,41,79,5,6,0
2,77,99,86,67,7,2,1
4,50,78,32,59,9,2,0
6,61,70,66,31,7,6,0
8,78,41,66,65,9,6,0
8,55,66,94,46,4,4,0
6,81,86,39,94,4,6,1
3,87,94,78,48,8,2,1
8,84,97,53,76,6,5,1
5,77,58,66,74,6,5,1
2,57,36,35,55,6,7,0
6,61,68,71,75,8,2,0
2,54,86,41,48,7,3,0
2,70,45,64,81,6,7,1
5,88,74,33,79,4,6,1
9,67,39,70,42,4,5,0
9,98,77,97,93,4,5,1
10,65,32,87,68,9,6,0
1,51,87,82,37,5,2,0
7,84,94,67,88,6,2,1
1,97,59,45,38,4,4,0
4,51,32,40,51,6,5,0
8,52,99,78,67,5,7,0
3,82,88,35,34,7,4,0
2,82,49,43,58,9,2,0
3,85,91,93,95,8,7,1
9,50,80,36,30,6,1,0
6,81,70,32,38,9,4,0
3,100,96,49,89,5,7,1
4,77,76,35,61,7,7,0
5,87,60,60,38,6,4,0
2,65,62,37,86,6,7,0
8,60,45,30,92,8,3,0
2,76,75,92,47,6,5,1
6,65,55,62,57,6,6,0
3,89,86,47,97,7,2,1
1,98,78,89,98,5,2,1
10,57,58,85,80,5,7,0
1,57,80,66,73,7,2,0
9,74,75,72,38,5,5,1
2,62,95,94,72,4,7,0
7,93,73,66,100,8,3,1
2,85,90,84,98,9,7,1
10,76,97,62,37,5,7,1
1,56,55,59,70,6,1,0
5,79,62,84,65,5,3,1
4,52,34,93,54,7,7,0
7,86,77,85,76,7,1,1
4,70,72,67,82,4,4,1
2,82,81,71,82,9,1,1
2,66,84,39,48,4,5,0
2,91,47,63,78,4,3,1
10,68,52,55,32,7,1,0
8,72,46,67,32,6,6,0
4,72,33,54,52,6,3,0
1,92,32,70,62,6,5,0
10,59,76,98,90,9,1,0
3,62,62,99,39,8,6,0
6,76,61,37,89,7,7,1
4,83,39,79,41,6,4,0
8,82,66,83,84,4,6,1
2,82,65,36,95,6,6,1
6,68,40,36,71,6,4,0
5,67,96,84,33,5,4,0
8,100,42,89,89,6,7,1
3,78,88,33,78,4,7,1
6,61,90,82,94,5,2,0
3,76,46,50,34,5,2,0
3,84,40,60,65,4,2,0
9,69,56,98,71,6,7,0
7,67,76,56,71,7,7,0
8,79,65,48,98,8,1,1
8,52,37,69,57,8,3,0
9,94,80,100,66,8,6,1
4,81,51,87,89,8,6,1
5,61,65,45,98,8,3,0
9,82,78,80,76,4,6,1
5,74,86,84,45,8,1,1
8,88,55,65,44,5,7,0
3,96,36,93,38,9,6,0
8,64,94,58,35,9,7,0
1,54,51,63,68,9,5,0
9,81,95,49,63,9,3,1
4,63,51,84,51,5,1,0
8,69,67,98,73,4,3,0
2,86,60,54,96,7,4,1
1,73,79,87,48,5,6,1
7,85,65,93,43,9,1,1
5,58,43,93,91,5,2,0
10,100,48,78,81,5,2,1
3,54,70,93,57,4,4,0
9,51,70,81,55,8,1,0
3,83,43,61,39,7,3,0
5,65,62,91,93,4,6,0
5,69,50,71,91,6,3,0
4,70,60,30,71,7,7,0
10,59,71,74,59,8,5,0
6,97,44,93,73,7,6,1
5,98,68,47,88,8,6,1
10,65,44,53,84,4,2,0
1,99,52,61,87,7,3,1
1,56,50,54,68,6,4,0
4,84,51,32,61,8,2,0
6,100,95,92,99,7,1,1
9,81,46,87,44,7,4,0
9,80,52,77,30,9,7,0
4,93,53,30,73,8,5,0
10,86,80,83,83,6,6,1
5,73,58,91,48,7,4,1
5,67,44,69,86,6,2,0
9,73,79,97,65,5,5,1
1,61,93,36,98,9,3,0
7,80,95,50,30,8,4,0
7,67,44,87,67,7,3,0
1,88,44,77,65,5,5,1
1,95,63,49,59,7,4,0
8,85,35,76,99,4,6,1
6,59,54,59,57,5,6,0
7,63,31,43,39,4,4,0
4,86,87,95,100,4,3,1
5,77,49,86,73,4,2,1
2,57,48,45,90,8,2,0
7,79,92,60,59,7,4,1
4,51,99,57,36,4,7,0
4,97,65,74,55,4,3,1
9,61,32,51,45,7,6,0
6,76,33,75,62,7,6,0
3,74,72,38,93,5,7,1
9,59,81,49,92,7,1,0
9,84,74,71,97,4,1,1
3,64,63,69,77,7,6,0
5,73,100,60,68,4,2,1
10,91,88,99,99,6,4,1
1,67,52,69,55,7,1,0
8,96,71,74,37,4,7,1
1,62,63,30,95,7,3,0
5,78,45,97,98,8,5,1
1,91,97,36,35,7,3,0
2,94,86,66,70,4,7,1
1,63,78,64,38,8,1,0
6,58,67,54,67,6,3,0
2,85,30,70,75,4,2,0
3,50,38,85,45,5,5,0
8,73,72,96,33,8,3,1
7,69,90,95,89,9,3,0
10,87,97,53,74,4,5,1
8,81,34,36,79,9,1,0
10,65,35,48,71,6,5,0
2,60,70,60,92,6,1,0
9,67,79,47,86,6,6,0
3,76,83,47,30,5,2,0
7,82,38,100,52,9,2,1
5,81,99,66,81,6,6,1
10,77,64,82,88,8,4,1
7,67,52,75,83,6,7,0
8,85,69,78,93,7,5,1
4,51,58,75,52,5,6,0
4,99,97,46,99,9,1,1
5,56,40,83,42,8,2,0
5,80,67,82,42,8,4,1
10,50,37,58,83,7,5,0
7,85,60,55,98,9,2,1
7,88,39,56,74,8,2,0
4,66,57,56,55,6,1,0
4,84,76,77,62,4,5,1
1,78,61,80,58,6,6,1
7,51,79,75,82,9,2,0
2,84,77,61,49,4,5,1
6,55,37,100,94,7,2,0
7,76,73,56,80,4,1,1
4,52,96,48,55,6,7,0
4,87,30,68,54,8,2,0
1,63,56,56,48,4,4,0
10,85,80,64,68,4,2,1
8,59,34,85,40,5,2,0
7,76,94,85,48,8,2,1
2,89,57,49,83,5,1,1
10,61,92,57,96,9,2,0
6,63,93,67,100,6,5,0
6,78,96,56,69,6,5,1
8,53,54,79,32,6,2,0
9,74,32,95,67,8,7,1
2,83,95,73,97,7,3,1
6,76,89,91,39,5,3,1
5,98,83,51,42,8,3,0
6,99,90,76,86,7,3,1
4,60,36,54,36,9,2,0
2,73,95,69,97,4,4,1
2,69,30,44,59,9,6,0
4,75,69,93,49,8,6,1
2,75,94,34,81,7,3,1
3,100,97,55,81,5,7,1
5,53,85,86,67,6,3,0
4,97,82,55,56,4,3,1
7,90,99,91,63,6,2,1
1,60,71,54,32,4,1,0
4,93,87,68,96,6,1,1
6,91,55,47,69,5,1,0
3,57,71,39,81,9,2,0
1,50,43,100,66,6,5,0
6,83,98,71,49,7,2,1
2,67,43,47,56,4,3,0
8,66,55,48,48,9,5,0
7,72,56,62,31,4,6,0
8,69,44,36,43,6,1,0
1,62,95,52,45,7,2,0
9,63,63,59,50,5,5,0
4,88,74,85,71,8,4,1
3,68,50,92,81,8,3,0
1,92,48,30,98,4,7,0
2,58,87,57,45,9,3,0
6,85,84,94,35,6,7,1
8,99,56,94,91,7,1,1
7,97,97,67,67,6,5,1
4,94,92,76,48,4,6,1
9,72,71,63,97,4,4,1
7,77,90,37,94,5,1,1
1,60,94,85,92,8,4,0
7,83,49,87,67,4,6,1
5,90,32,47,76,8,7,0
10,76,68,57,71,6,2,1
2,64,73,77,81,9,2,0
2,93,94,98,33,4,5,1
10,88,81,49,69,8,7,1
7,82,52,71,95,6,4,1
8,83,81,48,51,9,3,1
4,76,57,54,87,5,1,1
10,75,100,30,97,7,5,1
5,69,76,43,64,9,5,0
4,53,65,66,75,8,1,0
8,68,99,99,67,6,5,0
9,60,41,58,68,9,3,0
8,59,54,83,72,6,2,0
6,69,72,87,89,6,7,0
1,79,77,74,72,9,4,1
4,59,37,52,32,8,1,0
10,95,48,70,50,7,2,0
4,52,67,64,42,8,7,0
5,94,90,40,30,8,1,0
1,58,100,34,73,4,5,0
8,52,65,96,48,6,5,0
5,100,86,99,99,4,6,1
1,53,80,45,65,4,7,0
6,70,69,80,34,8,1,1
4,58,98,31,95,7,5,0
2,77,63,47,70,6,3,1
2,63,98,35,95,8,3,0
7,57,47,36,99,4,4,0
2,84,58,97,87,7,6,1
5,67,50,78,54,5,3,0
1,61,92,59,85,6,7,0
3,57,35,70,52,5,2,0
10,81,96,38,100,9,4,1
10,65,84,66,36,6,2,0
8,71,78,35,56,6,6,0
1,80,46,50,46,9,2,0
2,90,53,52,62,5,6,0
10,95,93,76,65,6,7,1
1,72,59,70,90,4,7,1
9,65,52,60,32,9,1,0
7,89,51,33,74,7,3,0
2,80,30,55,81,5,2,0
4,59,49,72,72,8,4,0
3,98,69,88,54,4,1,1
7,71,30,40,59,5,3,0
2,64,87,59,40,6,2,0
1,51,90,86,65,8,1,0
8,55,34,99,54,5,1,0
5,86,35,53,31,5,7,0
4,97,66,81,80,6,5,1
7,52,36,67,34,7,7,0
4,99,79,76,80,8,6,1
7,55,83,87,78,8,6,0
7,98,45,46,75,9,2,0
5,82,45,71,73,9,1,1
4,55,94,86,82,4,2,0
7,96,81,52,82,7,4,1
6,61,91,70,32,4,2,0
7,56,100,65,81,7,1,0
4,84,85,85,34,6,4,1
3,76,49,97,95,5,2,1
10,76,89,77,80,7,4,1
6,74,40,54,74,7,4,0
8,81,40,73,62,6,3,0
7,59,92,91,31,6,5,0
7,94,70,70,38,9,5,0
1,72,48,31,33,4,4,0
2,76,87,98,97,9,3,1
9,72,66,99,39,7,6,1
1,88,52,95,33,4,7,1
7,65,31,100,49,5,4,0
4,84,46,70,45,4,1,0
1,94,87,78,50,4,5,1
6,86,80,46,68,8,7,1
6,71,72,38,72,8,7,1
2,80,65,70,68,9,7,1
5,85,93,71,35,4,1,1
7,52,65,82,30,8,7,0
9,58,58,80,64,6,5,0
10,71,72,58,95,8,2,1
7,52,94,57,69,5,6,0
9,66,90,33,60,6,5,0
5,69,41,89,34,7,7,0
6,88,65,99,37,8,7,1
4,76,90,40,47,9,4,0
9,98,54,94,67,5,3,1
10,85,74,56,95,5,2,1
7,52,59,43,59,8,6,0
7,55,88,74,51,7,2,0
1,80,80,80,81,8,7,1
4,99,51,99,39,6,6,1
1,89,80,96,88,7,1,1
2,74,62,88,42,4,2,1
6,92,96,92,87,4,1,1
5,64,93,95,71,7,3,0
9,57,31,38,33,5,2,0
2,81,86,88,30,5,5,1
9,93,100,38,69,8,3,1
10,57,97,59,83,6,7,0
6,70,56,100,80,7,6,1
1,89,39,92,71,5,6,1
7,88,35,42,59,5,6,0
1,53,88,71,88,4,7,0
8,91,72,91,89,9,7,1
4,66,76,87,34,8,3,0
1,90,54,42,72,5,5,0
8,50,81,73,53,4,6,0
1,51,67,71,82,8,4,0
2,68,100,72,96,5,4,0
7,50,62,66,91,5,5,0
5,80,97,32,75,5,5,1
6,65,93,51,39,9,1,0
2,54,46,38,48,8,2,0
10,70,94,86,70,9,5,1
2,79,68,42,42,8,6,0
3,100,49,45,58,5,5,0
6,59,82,79,100,9,5,0
7,67,98,52,43,5,5,0
7,53,36,93,73,6,4,0
3,81,39,39,66,4,5,0
1,62,96,79,78,6,3,0
1,82,90,75,65,5,7,1
4,98,69,93,43,8,1,1
5,51,31,79,49,7,3,0
2,88,54,64,88,6,3,1
7,90,35,74,94,7,6,1
1,93,85,73,86,8,3,1
3,64,83,91,96,6,4,0
10,58,69,83,40,5,3,0
7,53,51,34,60,9,1,0
4,93,65,79,43,4,2,1
4,64,80,84,50,8,4,0
5,100,44,62,86,7,6,1
10,88,57,57,73,7,4,1
9,58,91,68,70,6,7,0
6,62,58,72,98,7,2,0
5,88,55,34,49,5,7,0
10,52,84,70,36,4,6,0
2,58,35,71,70,5,4,0
6,81,90,99,75,6,6,1
10,90,83,34,42,7,7,0
3,67,83,37,30,7,7,0
2,90,97,81,47,5,3,1
3,70,41,92,44,6,2,0
6,55,34,38,52,6,5,0
10,96,46,74,33,5,1,0
6,62,39,70,44,4,1,0
6,84,76,49,46,4,5,0
10,72,82,60,72,7,3,1
9,73,67,50,83,4,4,1
10,68,65,96,71,7,6,0
10,93,60,82,70,7,2,1
4,77,40,46,73,7,4,0
4,83,30,69,42,4,5,0
9,91,49,36,71,8,7,0
10,69,44,36,42,8,7,0
1,61,86,44,32,9,3,0
3,57,82,80,31,7,6,0
4,64,82,59,30,5,4,0
9,51,82,98,79,8,7,0
7,84,52,45,31,6,4,0
1,59,39,62,77,6,7,0
8,60,61,69,41,7,6,0
6,58,74,33,99,7,4,0
1,85,94,39,75,7,2,1
8,62,58,64,33,6,3,0
4,92,81,37,36,6,4,0
9,64,44,40,37,5,4,0
8,69,59,85,67,6,3,0
1,83,58,81,43,4,3,1
7,51,34,66,88,6,6,0
9,68,74,61,35,6,7,0
8,95,83,83,40,8,3,1
6,82,40,93,31,7,3,0
3,75,100,64,70,6,1,1
5,65,59,84,61,5,2,0
5,61,95,51,41,5,3,0
4,60,37,91,37,9,6,0
4,74,96,34,40,4,2,0
7,50,38,59,36,9,5,0
6,83,70,65,67,9,4,1
8,65,49,88,72,6,3,0
9,86,89,46,73,7,3,1
7,100,65,46,86,4,7,1
10,83,87,33,78,9,7,1
3,96,74,95,30,8,3,1
8,67,99,98,45,9,4,0
8,94,79,59,69,4,7,1
10,97,76,51,94,4,2,1
4,78,79,42,95,9,1,1
4,74,47,100,61,6,3,1
1,60,50,57,57,7,5,0
7,92,34,71,86,5,3,1
8,93,75,90,94,4,2,1
2,93,85,59,90,9,5,1
3,61,65,97,82,5,7,0
3,51,52,99,89,8,6,0
9,60,81,95,71,9,7,0
9,59,49,72,85,6,5,0
1,51,70,76,63,7,4,0
8,54,69,82,40,5,2,0
1,55,57,93,92,8,4,0
4,56,87,100,73,7,2,0
8,79,46,59,68,5,5,0
2,71,74,90,62,9,6,1
3,63,36,89,60,4,3,0
2,66,45,65,82,6,4,0
10,82,49,73,74,5,3,1
4,100,44,89,48,6,2,1
10,57,44,89,70,9,2,0
1,78,100,33,62,9,3,1
7,100,43,86,73,9,6,1
4,75,36,44,90,7,2,0
2,62,90,76,70,6,7,0
3,76,98,72,93,5,5,1
9,59,42,84,82,8,3,0
2,67,66,38,92,9,6,0
5,51,60,57,97,7,2,0
3,74,52,73,94,8,1,1
6,51,30,34,31,6,2,0
5,58,82,97,37,8,2,0
2,71,38,69,40,8,4,0
3,80,79,56,44,5,7,0
5,78,57,30,83,8,6,0
3,59,87,37,71,8,5,0
7,99,31,35,43,8,5,0
10,98,99,90,100,9,6,1
9,91,31,84,39,8,2,0
4,99,69,94,71,4,6,1
7,77,42,75,34,7,5,0
2,63,37,46,74,9,3,0
2,97,76,93,55,9,2,1
3,65,66,82,37,4,5,0
3,76,66,74,62,5,3,1
7,87,82,49,41,4,7,0
6,58,30,52,40,8,4,0
5,70,32,63,78,4,2,0
9,75,39,48,52,9,2,0
6,65,78,40,56,8,4,0
5,91,85,41,68,8,7,1
5,94,92,35,73,5,6,1
4,95,82,51,49,9,4,1
8,56,74,61,63,9,5,0
6,94,45,74,81,4,5,1
6,81,75,45,39,7,4,0
3,63,44,58,56,7,3,0
7,77,31,100,40,9,4,0
6,70,87,87,63,7,6,1
7,70,71,33,32,5,7,0
4,54,61,34,78,6,3,0
5,99,81,41,41,9,6,0
6,72,78,83,59,4,2,1
8,61,100,84,90,6,4,0
5,89,67,78,48,4,6,1
8,85,65,67,61,5,5,1
3,57,67,88,84,8,5,0
8,82,67,94,78,9,4,1
5,99,69,73,32,4,6,0
2,86,43,94,83,5,7,1
1,72,42,47,30,9,3,0
2,89,68,99,41,9,6,1
10,60,78,31,32,9,6,0
8,59,48,56,100,8,5,0
5,59,78,80,58,8,1,0
7,100,43,34,65,5,4,0
1,78,94,92,51,4,6,1
3,79,31,42,30,5,5,0
6,62,91,73,74,6,5,0
2,84,67,88,88,9,1,1
1,91,92,85,38,8,5,1
6,54,60,90,82,9,3,0
5,92,77,44,51,8,7,0
9,55,78,69,35,5,4,0
10,53,97,95,39,9,1,0
2,67,36,86,88,5,7,0
5,81,68,64,66,8,4,1
10,53,48,49,57,8,5,0
5,57,37,53,64,8,6,0
8,81,78,47,57,7,1,1
9,89,51,35,37,7,7,0
2,92,64,74,80,6,3,1
5,73,95,60,97,6,6,1
10,93,86,90,33,8,7,1
8,90,51,90,41,8,7,1
5,63,68,33,54,6,6,0
7,72,95,89,97,6,3,1
8,98,99,95,34,8,7,1
8,84,47,51,75,8,5,0
3,77,54,42,56,9,1,0
4,86,51,40,31,6,5,0
10,71,30,86,55,7,2,0
9,91,75,58,64,5,4,1
6,92,68,76,77,7,7,1
6,65,70,72,82,7,6,0
6,69,96,35,89,9,5,0
10,76,69,97,52,5,3,1
5,97,33,33,88,5,7,0
2,100,48,57,64,7,7,0
2,66,60,67,87,6,3,0
8,97,33,81,80,7,4,1
1,57,71,66,73,4,4,0
2,63,65,44,50,7,3,0
10,96,58,79,100,8,7,1
4,50,42,77,33,6,4,0
1,58,38,80,34,9,6,0
2,95,41,41,38,6,2,0
5,60,73,88,93,8,2,0
7,91,46,48,79,7,6,0
3,76,61,92,34,5,2,1
8,57,99,64,71,8,7,0
6,74,53,41,62,9,6,0
6,68,38,81,99,4,3,0
7,64,33,89,47,7,4,0
1,64,69,86,48,7,4,0
10,65,84,97,91,8,3,0
7,72,86,69,78,6,4,1
6,93,84,86,53,8,5,1
9,95,58,96,75,7,1,1
9,85,54,97,67,9,2,1
5,54,98,46,38,9,5,0
6,83,54,63,80,4,5,1
10,84,100,37,50,7,3,1
8,54,81,36,48,9,7,0
1,58,76,83,94,5,6,0
10,91,37,61,43,9,4,0
7,55,77,53,87,6,4,0
8,50,90,95,53,7,3,0
2,79,35,38,79,4,6,0
2,80,90,67,67,9,7,1
7,80,84,98,40,7,7,1
6,53,60,41,41,5,6,0
1,55,100,56,99,8,1,0
2,67,94,89,80,5,3,0
7,52,46,87,71,8,1,0
3,66,75,40,33,4,2,0
3,78,96,98,44,4,1,1
6,90,83,85,37,5,1,1
6,82,46,48,79,9,4,0
7,84,59,95,43,4,3,1
9,57,39,51,47,7,6,0
10,57,90,37,83,7,5,0
9,60,91,87,78,7,1,0
2,92,64,48,58,5,5,0
7,80,95,45,33,4,1,0
4,81,72,73,30,7,2,0
9,56,39,47,77,9,4,0
3,57,43,39,38,8,5,0
5,73,74,38,58,8,6,0
9,74,96,42,99,7,1,1
1,87,38,59,49,9,2,0
5,67,35,80,88,7,4,0
2,77,38,88,80,5,3,1
2,89,47,51,76,6,3,0
1,55,47,33,78,7,6,0
10,86,82,33,87,9,2,1
1,81,65,73,42,4,5,1
5,91,89,53,68,7,1,1
2,84,51,40,37,7,3,0
8,55,98,86,40,8,6,0
8,64,83,81,81,5,7,0
1,98,47,73,66,8,2,1
10,58,41,44,83,7,1,0
8,87,76,88,43,7,6,1
9,56,81,81,38,5,4,0
2,53,33,98,47,9,2,0
6,93,74,88,55,4,2,1
10,52,96,32,91,7,2,0
7,98,39,80,89,5,6,1
10,94,79,86,70,5,4,1
7,97,87,64,43,6,5,1
8,78,90,38,35,5,2,0
9,50,51,31,90,9,5,0
2,76,82,79,55,4,4,1
8,90,32,35,46,4,1,0
2,77,56,92,81,8,4,1
5,96,83,98,83,4,3,1
9,100,90,60,64,5,1,1
6,55,94,30,40,7,1,0
3,53,79,30,61,9,5,0
10,73,71,32,34,6,4,0
3,84,77,57,47,8,1,1
1,87,34,88,97,7,4,1
4,91,57,93,74,6,7,1
1,67,38,43,62,7,3,0
9,52,80,89,30,8,3,0
6,66,54,82,75,8,3,0
10,57,50,81,68,4,3,0
7,99,47,67,81,6,2,1
9,78,61,79,91,7,2,1
1,70,94,70,61,9,3,1
8,75,38,95,84,9,1,1
10,68,69,97,86,8,6,0
4,70,50,65,87,5,3,1
5,94,73,72,43,5,1,1
10,83,98,52,100,8,7,1
2,97,92,69,44,9,4,1
3,56,76,76,40,6,1,0
3,73,94,32,73,9,1,1
9,85,41,75,79,4,6,1
3,57,65,62,37,6,4,0
6,83,72,84,35,6,7,1
4,52,85,74,71,4,6,0
2,75,94,35,55,8,6,1
9,88,97,47,96,7,7,1
10,76,40,73,75,4,7,1
10,81,54,43,83,7,5,1
2,50,86,55,66,5,7,0
5,56,63,30,55,9,5,0
9,80,47,37,35,7,3,0
1,96,66,35,94,4,3,1
8,63,99,43,54,9,2,0
8,62,61,39,32,4,1,0
5,78,63,93,99,9,4,1
6,70,78,42,49,4,1,0
8,88,70,65,34,4,1,0
10,51,62,38,32,8,1,0
3,77,77,95,70,7,3,1
10,89,95,85,35,5,4,1
9,91,74,58,75,8,3,1
8,94,36,34,53,5,7,0
10,53,76,84,96,6,5,0
8,91,53,42,63,9,7,0
7,82,55,69,52,4,2,0
1,61,51,70,74,7,1,0
4,86,99,64,90,4,5,1
7,55,95,83,40,6,5,0
10,90,51,49,73,4,2,0
1,53,54,96,56,6,4,0
3,74,45,65,64,7,4,0
7,95,38,50,30,4,5,0
6,91,34,33,32,8,2,0
2,94,55,55,87,6,1,1
9,90,85,71,83,4,4,1
2,75,55,72,83,4,4,1
10,57,54,47,31,6,7,0
2,81,30,55,62,9,5,0
4,73,89,81,62,4,3,1
2,100,97,37,74,5,2,1
10,88,35,66,92,4,6,1
5,96,49,31,81,4,4,0
8,89,91,57,72,8,1,1
1,96,82,41,86,7,2,1
6,58,86,58,71,4,7,0
9,52,88,70,91,7,7,0
9,87,61,81,33,4,7,0
8,63,99,90,36,8,6,0
1,89,90,90,41,9,2,1
8,86,70,31,53,5,6,0
2,91,38,84,32,7,4,0
6,82,43,55,79,8,1,0
6,72,43,37,48,9,6,0
2,77,65,81,67,6,2,1
5,72,53,40,98,5,6,1
7,100,52,94,44,6,1,1
4,71,32,89,43,8,7,0
9,50,99,71,78,5,1,0
3,93,48,74,63,9,4,1
6,53,66,94,66,7,2,0
8,78,32,81,73,6,2,1
2,76,74,88,65,6,5,1
3,78,40,76,47,7,2,0
7,64,31,57,44,7,3,0
7,57,45,80,73,9,1,0
3,90,52,85,50,6,1,1
4,69,60,35,79,4,1,0
5,99,77,53,74,4,7,1
10,81,49,56,68,5,5,0
10,74,41,72,45,9,1,0
7,53,98,57,52,8,5,0
9,94,79,80,98,8,2,1
10,88,55,43,43,6,1,0
4,92,80,35,86,5,6,1
5,94,34,51,45,9,2,0
6,94,33,90,79,8,7,1
4,95,34,89,41,6,3,0
8,63,54,100,80,8,5,0
7,86,93,72,50,4,1,1
6,89,72,63,48,9,2,1
8,60,32,36,84,5,7,0
4,62,47,33,60,9,3,0
6,93,89,96,56,4,2,1
5,52,49,78,65,5,4,0
7,92,76,34,60,8,4,0
5,91,84,91,74,9,5,1
9,67,47,85,96,9,7,0
8,97,51,46,33,5,6,0
10,51,35,83,48,9,1,0
4,98,47,96,88,4,4,1
2,94,43,92,62,8,7,1
8,64,48,31,53,9,4,0
4,73,61,51,41,9,7,0
7,60,68,97,77,5,1,0
8,95,42,50,35,6,3,0
3,65,79,94,99,9,3,0
4,53,64,58,74,4,1,0
5,98,32,64,70,6,2,0
4,82,51,48,75,7,1,0
10,59,40,61,71,9,4,0
4,75,51,34,99,7,6,1
8,79,93,91,57,5,5,1
10,79,81,70,36,6,3,1
8,78,78,93,93,8,3,1
9,100,90,79,100,5,2,1
8,86,36,54,84,9,1,0
8,74,91,92,58,4,5,1
9,54,50,61,65,4,2,0
1,81,68,43,46,8,7,0
2,80,63,48,43,8,6,0
4,67,55,46,93,9,1,0
3,76,31,67,73,5,6,0
9,62,63,50,58,6,7,0
2,67,45,55,97,8,3,0
10,82,96,63,88,8,5,1
9,86,90,75,73,6,2,1
2,83,62,99,91,7,5,1
9,59,62,65,52,4,3,0
9,85,32,100,97,6,1,1
3,55,77,42,43,9,3,0
10,64,81,32,43,6,7,0
2,94,66,76,52,9,1,1
8,72,74,68,43,6,5,1
6,95,32,39,76,9,5,0
10,92,41,59,57,5,2,0
1,74,35,66,54,9,3,0
10,51,66,82,76,5,4,0
1,88,51,99,32,8,6,1
9,65,68,95,49,9,5,0
4,85,87,83,39,9,4,1
4,62,41,83,70,6,6,0
3,62,54,63,95,4,7,0
2,96,75,52,99,4,3,1
9,91,30,41,67,7,7,0
5,88,52,97,81,4,5,1
9,69,69,52,96,9,6,0
9,57,39,35,82,9,7,0
7,57,55,99,94,5,5,0
7,85,32,87,56,7,4,0
6,80,84,87,85,6,5,1
1,75,68,80,66,9,6,1
1,80,77,42,58,6,2,0
3,52,32,35,84,9,4,0
1,57,84,42,65,5,3,0
1,86,94,54,60,7,1,1
10,55,98,47,32,4,2,0
2,84,69,84,98,7,6,1
10,95,89,49,80,5,5,1
9,54,61,61,66,8,7,0
5,59,79,59,50,5,1,0
5,94,78,38,72,7,6,1
6,93,67,63,91,5,6,1
9,53,77,81,90,7,2,0
3,51,74,65,100,8,1,0
3,72,47,68,58,9,4,0
5,88,30,82,42,9,1,0
2,89,91,100,61,8,4,1
10,90,44,35,75,9,1,0
9,57,72,63,63,8,6,0
6,84,71,39,51,7,4,0
6,86,30,39,99,6,2,0
3,72,43,71,36,9,5,0
1,99,65,56,62,4,1,1
6,97,81,78,38,4,3,1
10,68,66,79,60,4,2,0
3,86,43,84,84,5,6,1
9,53,39,58,58,6,6,0
9,70,65,40,79,4,4,1
1,70,52,46,57,4,6,0
2,58,38,49,42,4,2,0
4,80,88,64,67,4,5,1
1,51,93,100,79,5,2,0
5,68,100,78,96,6,6,0
8,74,48,84,44,6,6,0
8,64,82,62,84,8,7,0
5,68,35,66,44,6,2,0
1,55,47,78,69,8,4,0
4,54,71,75,37,6,7,0
7,53,82,93,31,4,5,0
10,74,77,65,59,8,2,1
2,84,43,65,35,4,2,0
9,63,89,81,58,4,3,0
2,50,79,98,50,6,4,0
8,86,75,43,54,7,5,0
1,53,67,40,70,7,4,0
7,86,92,38,94,4,4,1
8,96,100,47,39,8,6,1
2,93,99,89,73,9,5,1
10,79,47,63,39,5,6,0
1,88,78,35,91,4,5,1
8,57,43,61,64,4,1,0
5,68,30,31,58,6,1,0
2,80,85,99,66,8,6,1
3,53,58,39,64,5,5,0
8,65,71,55,85,6,6,0
1,95,57,47,82,7,3,1
4,50,79,89,49,6,7,0
7,64,94,89,97,5,7,0
5,78,65,95,99,6,4,1
1,74,79,51,58,9,3,1
8,54,54,41,57,4,5,0
9,66,56,70,51,4,3,0
1,66,91,86,57,6,1,0
8,70,78,52,44,9,1,0
3,72,37,91,30,4,2,0
6,99,89,32,40,6,6,0
6,64,40,34,42,5,4,0
10,76,98,62,70,6,1,1
5,93,34,77,59,5,4,0
9,90,68,49,95,5,4,1
2,98,62,64,42,6,3,0
10,83,98,88,70,5,2,1
8,75,70,93,51,6,3,1
2,100,64,58,78,9,5,1
3,70,32,68,82,9,7,1
7,69,60,42,46,7,4,0
1,61,86,96,76,9,7,0
7,54,53,33,57,6,6,0
1,56,36,32,100,7,7,0
4,86,94,48,36,7,1,0
2,61,35,65,70,5,6,0
6,61,81,47,99,4,1,0
1,88,78,87,38,6,3,1
10,93,45,49,59,7,7,0
8,52,77,60,55,9,5,0
6,79,33,82,72,8,3,1
4,93,46,90,68,7,6,1
3,65,75,74,40,9,2,0
4,80,100,64,47,8,5,1
1,58,72,67,44,8,4,0
8,71,91,84,77,6,4,1
7,55,79,47,37,6,6,0
6,71,63,100,91,4,4,1
4,56,96,75,56,8,5,0
5,63,83,47,73,5,2,0
2,88,68,41,51,4,5,0
9,79,58,62,75,7,6,1
6,64,93,32,41,8,2,0
8,66,96,67,71,6,5,0
9,95,73,50,92,5,6,1
3,86,56,79,42,4,2,0
9,97,76,45,62,8,7,1
2,69,58,56,51,5,6,0
4,53,37,60,54,7,5,0
3,85,53,77,68,6,7,1
8,88,51,42,39,4,4,0
6,55,47,64,75,5,6,0
5,89,36,65,59,4,3,0
8,65,65,90,76,7,6,0
5,81,72,39,85,5,3,1
4,62,62,69,88,9,1,0
6,73,47,34,46,8,5,0
7,73,66,58,77,8,3,1
6,57,100,34,91,7,4,0
6,90,69,89,70,5,7,1
10,91,94,30,39,9,1,0
7,50,38,85,67,5,3,0
3,88,84,81,80,9,7,1
1,55,70,53,92,7,6,0
3,53,90,92,89,9,3,0
4,54,30,65,31,5,5,0
5,50,62,47,96,9,2,0
3,89,59,37,88,6,7,1
9,51,81,99,39,4,1,0
4,95,87,92,63,7,3,1
2,79,59,32,36,7,2,0
7,97,39,50,95,5,7,1
8,100,90,49,81,4,7,1
7,76,77,89,97,6,5,1
9,91,93,37,67,4,7,1
8,59,47,59,41,8,1,0
3,57,70,64,66,7,3,0
2,57,95,38,55,4,7,0
6,85,65,70,32,4,2,0
2,97,99,34,80,9,3,1
2,60,42,90,67,9,3,0
2,84,49,67,74,8,6,1
10,98,72,42,36,9,6,0
4,75,75,97,50,7,7,1
7,69,51,77,80,4,6,0
4,88,97,69,79,7,5,1
4,85,100,76,94,7,7,1
9,72,33,51,54,7,6,0
9,68,32,30,50,9,1,0
8,71,77,96,84,7,5,1
9,78,91,90,99,6,7,1
4,90,75,48,31,9,6,0
10,58,83,35,65,7,3,0
1,64,86,60,83,6,5,0
4,65,30,65,51,9,1,0
6,61,90,96,49,4,3,0
1,64,91,77,83,6,3,0
6,60,41,76,39,8,6,0
7,85,85,91,69,4,6,1
2,67,100,68,36,5,4,0
3,96,79,57,42,7,2,0
9,81,42,66,95,9,4,1
6,70,88,42,48,5,5,0
2,51,31,41,83,4,4,0
2,56,56,54,97,4,1,0
6,80,92,90,89,6,6,1
9,77,48,66,63,5,4,0
6,92,45,68,39,5,4,0
4,68,81,52,88,7,5,0
8,98,92,61,39,9,2,1
10,100,53,59,96,4,2,1
6,57,98,83,88,9,4,0
4,67,83,73,62,5,6,0
9,98,34,60,80,4,4,0
7,75,64,74,31,4,2,0
1,62,99,54,86,9,7,0
7,75,41,38,76,5,5,0
6,73,81,100,78,6,4,1
7,97,53,82,71,6,7,1
6,89,33,99,54,6,3,1
9,63,99,73,39,9,4,0
8,69,51,38,71,7,2,0
10,86,92,39,40,8,3,0
8,67,59,88,43,4,1,0
7,69,75,92,30,6,2,0
1,84,51,83,45,4,2,0
3,81,75,71,47,6,1,1
10,91,36,37,51,7,6,0
4,91,42,62,83,7,1,1
6,71,90,55,47,4,6,1
9,76,58,84,95,5,7,1
10,88,81,42,85,7,5,1
5,73,59,63,36,7,1,0
8,92,79,52,95,9,5,1
3,95,90,41,74,9,6,1
10,68,48,100,54,6,1,0
6,67,53,32,49,8,3,0
6,72,61,59,83,6,1,1
1,89,92,46,75,9,3,1
10,91,95,93,49,5,2,1
1,79,34,85,72,8,1,1
7,63,67,60,99,4,4,0
1,54,36,35,95,4,3,0
3,89,33,86,52,6,2,0
9,77,44,44,89,5,5,0
6,65,33,79,49,9,2,0
7,53,79,56,55,8,6,0
2,74,65,70,74,8,6,1
5,85,51,98,43,8,5,1
5,100,88,63,64,5,7,1
4,90,83,93,66,4,3,1
4,53,90,87,67,6,7,0
4,88,57,50,34,6,5,0
2,81,97,44,65,9,4,1
9,63,100,65,89,6,2,0
7,60,44,72,37,6,2,0
6,87,60,89,57,9,2,1
4,80,95,51,72,5,3,1
4,93,49,62,39,4,2,0
6,73,48,33,98,6,7,0
7,85,46,82,68,8,3,1
7,73,48,47,97,8,7,1
9,63,78,74,73,8,5,0
5,96,97,54,94,8,5,1
2,66,58,30,80,9,4,0
8,73,32,61,65,9,6,0
7,72,68,95,64,9,7,1
2,84,85,63,70,4,3,1
9,97,61,85,90,9,5,1
4,96,57,40,39,5,1,0
4,55,71,46,85,4,5,0
4,88,69,33,72,6,6,0
1,63,39,30,37,9,5,0
10,89,56,60,39,8,5,0
2,72,86,95,92,9,5,1
6,77,67,71,81,8,6,1
1,96,75,44,87,4,6,1
7,63,52,44,56,5,7,0
1,79,97,96,30,5,4,1
6,88,78,40,88,4,5,1
1,69,55,78,45,6,1,0
4,84,68,85,75,8,2,1
9,88,51,63,92,4,1,1
8,72,42,48,76,8,1,0
7,92,68,54,52,9,6,0
10,67,74,73,91,5,6,0
1,77,38,69,77,9,2,1
7,98,47,45,97,6,7,1
5,55,86,74,62,4,1,0
4,60,39,51,36,9,7,0
3,64,32,41,75,7,3,0
7,62,39,98,70,6,5,0
3,100,65,34,46,7,6,0
9,51,64,87,75,8,7,0
7,71,36,80,90,4,1,1
10,77,43,72,48,8,4,0
6,69,47,43,78,6,6,0
10,62,99,81,52,6,6,0
3,75,96,87,56,4,3,1
2,100,73,94,90,5,1,1
4,79,65,82,99,8,1,1
6,99,90,98,80,8,7,1
1,100,75,88,43,6,6,1
7,63,36,30,36,7,2,0
5,83,74,68,79,6,6,1
3,96,86,71,97,5,5,1
3,94,85,58,82,8,6,1
5,74,94,60,78,6,4,1
9,64,82,71,49,8,5,0
7,50,64,60,99,6,6,0
8,85,68,64,46,9,1,0
1,70,31,98,76,9,6,1
6,85,35,40,86,4,7,0
9,89,69,94,56,9,7,1
1,100,42,83,76,5,4,1
2,84,82,83,51,4,1,1
7,67,64,69,98,5,5,0
8,76,91,81,95,4,1,1
1,79,57,80,33,6,4,0
1,64,99,89,35,7,7,0
6,65,90,86,94,7,3,0
7,72,69,48,98,9,7,1
7,87,67,69,47,9,7,1
8,57,83,77,83,9,2,0
2,75,38,99,41,9,4,0
6,72,56,33,90,5,6,0
7,96,99,75,49,4,7,1
9,83,31,30,72,7,6,0
1,93,74,66,53,9,3,1
1,93,52,66,51,9,5,0
7,83,74,97,36,8,1,1
5,50,43,86,87,5,5,0
2,88,78,39,61,7,1,0
7,66,66,95,53,5,4,0
3,67,71,99,84,9,5,0
5,95,96,30,45,9,3,0
6,59,68,96,53,9,2,0
9,67,78,58,66,9,6,0
7,97,90,66,40,4,2,1
8,63,50,80,69,4,2,0
7,96,73,53,76,4,4,1
8,72,70,65,100,9,3,1
8,86,43,78,47,9,1,0
2,64,90,98,81,4,6,0
2,82,43,94,44,7,3,1
2,62,95,61,90,8,3,0
2,85,50,86,78,4,6,1
2,76,64,56,89,7,5,1
4,89,38,81,50,7,7,0
1,82,73,68,88,8,6,1
8,80,71,57,95,4,1,1
8,62,74,87,50,6,5,0
8,55,41,64,50,6,2,0
9,70,76,60,56,5,5,1
5,92,33,100,78,5,6,1
3,69,40,63,85,7,2,0
1,88,65,89,86,8,3,1
4,84,79,86,70,6,2,1
1,69,89,66,93,4,7,0
5,53,38,37,52,9,4,0
7,79,65,80,100,8,3,1
8,78,73,100,37,4,1,1
5,84,99,77,60,5,6,1
8,72,95,69,92,4,1,1
7,82,59,68,61,5,5,1
9,55,39,57,73,4,6,0
10,99,71,41,89,6,4,1
6,74,76,32,99,7,4,1
4,64,98,71,77,7,3,0
7,86,67,32,63,9,6,0
1,70,75,88,43,9,6,1
8,66,57,77,40,8,7,0
8,61,46,84,55,4,7,0
3,50,58,92,59,6,7,0
5,92,48,69,56,7,7,0
9,67,92,51,48,8,5,0
3,79,78,51,39,8,4,0
3,92,32,73,99,6,1,1
7,62,73,33,66,6,4,0
2,54,98,60,62,7,4,0
4,87,44,57,57,8,1,0
7,54,53,96,45,7,5,0
1,72,45,54,46,9,4,0
3,88,67,91,88,8,2,1
3,78,62,91,58,8,1,1
3,95,97,95,72,8,2,1
3,73,100,54,55,7,6,1
4,75,61,51,58,7,6,0
3,93,58,72,90,4,7,1
4,67,74,84,54,8,4,0
7,76,90,82,50,8,7,1
2,98,89,38,78,7,5,1
9,68,77,47,70,4,7,0
8,91,85,89,33,4,7,1
10,76,92,36,44,7,6,0
10,78,93,79,42,6,4,1
7,86,53,50,78,6,4,1
7,90,39,78,90,7,2,1
9,70,91,69,40,5,6,1
3,71,66,72,56,6,5,1
6,90,38,84,69,7,6,1
7,100,93,36,89,8,2,1
5,80,83,68,93,8,4,1
5,79,53,61,57,6,5,0
4,72,61,41,43,7,4,0
5,60,95,73,100,5,1,0
4,61,30,71,37,5,7,0
9,75,64,41,42,5,3,0
1,96,57,48,30,5,6,0
8,66,87,62,86,8,5,0
8,60,78,98,98,6,1,0
9,85,96,72,76,4,1,1
10,91,94,47,98,9,6,1
4,74,36,48,57,8,2,0
4,97,94,56,75,5,4,1
2,66,39,51,43,9,4,0
10,72,99,87,94,9,2,1
5,76,57,92,71,6,5,1
7,59,66,86,73,7,7,0
1,92,80,77,49,5,6,1
6,58,59,56,95,5,4,0
7,69,54,90,49,5,2,0
7,79,46,82,44,5,6,0
2,67,69,31,30,9,1,0
9,54,37,52,30,8,3,0
9,78,96,77,35,8,7,1
5,65,50,73,48,6,2,0
2,50,82,59,72,4,6,0
6,71,40,37,66,9,3,0
3,66,55,99,32,6,1,0
10,98,66,68,40,9,7,0
5,60,39,83,36,5,1,0
9,74,35,66,97,8,6,1
9,96,45,53,50,6,6,0
8,98,94,46,72,8,5,1
3,82,74,47,46,4,5,0
1,58,94,57,96,6,5,0
6,68,52,65,44,4,5,0
9,90,68,87,78,4,6,1
5,89,62,76,64,9,4,1
3,96,32,59,34,9,4,0
7,80,93,71,47,9,6,1
1,76,99,40,94,8,5,1
8,71,99,81,56,4,4,1
7,96,69,74,38,7,2,1
7,58,62,42,45,6,7,0
1,56,77,40,55,5,6,0
1,95,97,55,86,8,2,1
3,67,40,68,39,8,5,0
1,87,43,91,97,5,5,1
2,91,66,75,31,8,7,0
2,84,83,63,75,5,7,1
7,57,53,97,62,5,4,0
10,51,43,68,55,4,1,0
5,51,85,61,63,5,5,0
2,94,92,90,72,8,1,1
9,99,47,39,55,5,7,0
9,56,75,38,81,8,3,0
10,62,70,87,59,9,7,0
8,55,30,52,48,7,5,0
9,53,38,93,64,8,1,0
10,53,54,60,34,9,7,0
10,69,88,99,86,9,7,0
4,99,74,49,79,6,6,1
6,60,55,36,88,9,7,0
4,73,85,30,75,6,1,1
5,74,42,76,58,9,3,0
9,62,35,65,59,9,5,0
1,98,56,94,72,9,5,1
1,69,64,39,89,4,5,0
2,54,72,35,56,5,7,0
2,62,49,38,73,9,6,0
6,63,52,85,75,5,3,0
6,73,91,50,77,6,6,1
10,99,60,83,100,6,3,1
8,90,71,66,55,8,2,1
8,99,41,43,55,7,5,0
10,54,51,65,66,7,3,0
1,59,33,64,73,8,3,0
3,84,34,39,67,7,1,0
6,53,96,87,87,9,5,0
9,86,35,48,91,5,4,0
8,70,100,39,58,9,5,1
4,91,37,61,60,8,5,0
9,76,42,86,52,5,2,1
5,66,99,89,90,7,2,0
2,52,65,86,72,9,5,0
3,64,96,69,43,8,2,0
8,59,57,64,36,6,1,0
3,71,82,52,42,5,5,0
1,52,96,85,88,4,3,0
7,64,53,91,80,9,2,0
9,76,45,70,83,8,2,1
4,100,60,92,35,4,5,1
5,72,84,36,77,7,1,1
5,53,99,59,64,4,4,0
4,56,65,79,38,5,4,0
8,98,45,94,41,5,2,1
6,80,58,63,85,8,3,1
2,97,76,39,52,4,4,0
10,90,84,70,61,4,4,1
5,91,36,50,97,4,5,1
10,92,70,46,85,5,5,1
6,60,71,83,68,8,6,0
9,70,51,43,82,5,7,0
8,76,31,86,76,4,2,1
7,51,92,92,94,4,7,0
4,69,72,77,36,9,7,0
4,84,69,53,33,4,1,0
7,86,64,59,97,8,2,1
8,76,43,54,82,8,4,0
10,90,70,67,39,6,2,0
6,50,100,51,74,4,3,0
6,72,64,83,94,9,3,1
5,79,69,45,44,4,1,0
4,57,54,46,95,6,5,0
5,52,52,61,79,9,5,0
3,60,93,50,42,4,7,0
7,76,58,92,74,7,4,1
9,67,55,69,70,8,6,0
4,100,97,54,77,7,3,1
2,76,38,51,33,8,6,0
1,80,48,80,79,4,2,1
3,56,85,83,51,6,2,0
10,69,65,60,95,8,1,0
6,50,78,62,66,4,2,0
8,75,42,45,35,5,2,0
10,66,100,72,35,5,3,0
8,69,45,93,39,5,1,0
